Job ID,Job URL,Job Title,Company Name,Status,Timestamp,WP ID
7863a0a3bb6a180d,https://ec.linkedin.com/jobs/view/personal-en-cuenca-at-final-pest-4436461481,Personal en Cuenca,,scraped,2026-07-07T00:15:32.297183,
dcda1b52c13eab94,https://ec.linkedin.com/jobs/view/build-ninjatrader-8-at-sss-capital-4436244789,Build NINJATRADER 8,SSS Capital,posted,2026-07-07T00:15:49.713154,19
d0ed948cce3fd99d,https://ec.linkedin.com/jobs/view/modista-at-piccolina-4436799747,Modista,,scraped,2026-07-07T00:15:52.371250,
520b193a4fc5ec7d,https://ec.linkedin.com/jobs/view/des-at-adhinflex-4436244272,Des,,scraped,2026-07-07T00:16:01.346355,
8cc333d71a10b5e3,https://ec.linkedin.com/jobs/view/posillero-steward-at-hotel-le-parc-4436910680,POSILLERO / STEWARD,HOTEL LE PARC,posted,2026-07-07T00:17:28.661367,21
da305de30c6f99b0,https://ec.linkedin.com/jobs/view/recibidor-de-madera-at-carvacell-sas-4433968756,RECIBIDOR DE MADERA,,scraped,2026-07-07T00:17:31.267706,
dd4e66149d591d8c,https://ec.linkedin.com/jobs/view/centralista-at-g4s-4433956655,Centralista,,scraped,2026-07-07T00:17:38.950412,
9285bb8dd18b5f89,https://ec.linkedin.com/jobs/view/inspector-de-riesgos-at-sweaden-compa%C3%B1%C3%ADa-de-seguros-4436167048,INSPECTOR DE RIESGOS,,scraped,2026-07-07T00:17:48.788687,
392d75152074ba96,https://ec.linkedin.com/jobs/view/digitador-at-carvacell-sas-4432752292,Digitador,,scraped,2026-07-07T00:17:57.230541,
0de1ffdfb187bce1,https://ec.linkedin.com/jobs/view/personal-de-servicios-generales-at-international-schools-partnership-limited-4435227545,Personal de Servicios Generales,,scraped,2026-07-07T00:18:04.599921,
f737d2cb6e7cda56,https://ec.linkedin.com/jobs/view/billing-analyst-at-lean-solutions-group-4435831839,Billing Analyst,Lean Solutions Group,posted,2026-07-07T00:19:26.849164,23
cb933b41a49c7e9e,https://ec.linkedin.com/jobs/view/impulsador-a-eventual-guayaquil-at-eficacia-ecuador-4435395552,IMPULSADOR/A EVENTUAL / GUAYAQUIL,Eficacia Ecuador,posted,2026-07-07T00:19:36.874619,25
1264e15d247b0b4e,https://ec.linkedin.com/jobs/view/verificador-at-tesalia-cbc-4436907287,VERIFICADOR,Tesalia cbc,posted,2026-07-07T00:20:55.045512,27
ec14c46dca9ae62d,https://ec.linkedin.com/jobs/view/bio-anbau-in-den-anden-ecuador-%E2%80%A2-land-und-forstwirtschaft-at-coworkers-4432710732,Bio-Anbau in den Anden - Ecuador • Land- und Forstwirtschaft,,scraped,2026-07-07T00:20:57.600154,
4eae07d44e814c3f,https://ec.linkedin.com/jobs/view/ejecutivo-at-purity-and-life-4434497368,Ejecutivo,PURITY AND LIFE,posted,2026-07-07T00:21:13.336573,29
1f012372684549ac,https://ec.linkedin.com/jobs/view/verificador-at-cbc-4433197946,VERIFICADOR,cbc,posted,2026-07-07T00:21:21.650671,27
70c6dda6e044f981,https://ec.linkedin.com/jobs/view/auxiliar-de-limpieza-at-als-4435463377,Auxiliar de limpieza,,scraped,2026-07-07T00:21:24.313883,
aec50a7f550e09b8,https://ec.linkedin.com/jobs/view/verificador-guayaquil-at-la-universal-4437408417,VERIFICADOR - GUAYAQUIL,,scraped,2026-07-07T00:21:31.159941,
00cffa7171aab90e,https://ec.linkedin.com/jobs/view/profesor-de-programaci%C3%B3n-at-kodland-latinoam%C3%A9rica-4433960848,Profesor de programación,Kodland Latinoamérica,posted,2026-07-07T00:21:45.270134,31
44bfe3b18513ede4,https://ec.linkedin.com/jobs/view/agente-de-seguridad-at-reciclajes-del-pac%C3%ADfico-4436230676,Agente de Seguridad,,scraped,2026-07-07T00:21:47.961440,
fa42365b3cf52e35,https://ec.linkedin.com/jobs/view/guardia-de-seguridad-guayaquil-at-nirsa-s-a-4433129628,Guardia de seguridad- Guayaquil,Nirsa S.A.,posted,2026-07-07T00:22:40.542717,33
223b12c1d1c0d206,https://ec.linkedin.com/jobs/view/t%C3%A9cnico-de-cultivo-at-colour-republic-4433957611,Técnico de cultivo,Colour Republic,posted,2026-07-07T00:22:50.770341,35
1d5bdd72a2757356,https://ec.linkedin.com/jobs/view/inspector-de-pilonera-at-ecofroz-s-a-4433998693,INSPECTOR DE PILONERA,,scraped,2026-07-07T00:22:53.424337,
5fcc45f225286128,https://ec.linkedin.com/jobs/view/business-development-representative-at-elvtr-4435851294,Business Development Representative,ELVTR,posted,2026-07-07T00:23:05.694002,37
f68f61a2823e1e30,https://ec.linkedin.com/jobs/view/soc-2-staff-auditor-latam-at-insight-assurance-4435845467,Soc 2 Staff Auditor- Latam,Insight Assurance,posted,2026-07-07T00:23:14.713985,39
261f079cd977ac3b,https://ec.linkedin.com/jobs/view/mansuera-s-a-ejecutivo-a-de-repuestos-mostrador-portoviejo-at-centric-ecuador-4432796962,MANSUERA S.A. - EJECUTIVO(A) DE REPUESTOS (Mostrador) - Portoviejo,,scraped,2026-07-07T00:23:17.266966,
6dddceb4ebeeecf1,https://ec.linkedin.com/jobs/view/promotor-comercial-puyo-at-tecnol%C3%B3gico-universitario-cordillera-4437469514,Promotor Comercial - Puyo,Tecnológico Universitario Cordillera,posted,2026-07-07T00:23:35.959035,41
c5fa4b7f3df6fc79,https://ec.linkedin.com/jobs/view/entrepreneur-in-residence-eir-at-the-flex-4436944437,Entrepreneur in Residence (EIR),,scraped,2026-07-07T00:23:38.574169,
3c90f959cecae63e,https://ec.linkedin.com/jobs/view/staff-applied-scientist-adtech-at-launch-potato-4435820237,"Staff Applied Scientist, AdTech",Launch Potato,posted,2026-07-07T00:24:56.672255,43
981113a7aaa5ee8f,https://ec.linkedin.com/jobs/view/auxiliar-de-servicios-de-limpieza-latacunga-at-mego-4433110489,Auxiliar de Servicios de limpieza - Latacunga,,scraped,2026-07-07T00:24:59.222741,
e3bfe11eb0c9368a,https://ec.linkedin.com/jobs/view/analista-de-datos-comerciales-guayaquil-at-gente-%2B-4433730642,Analista de Datos Comerciales - Guayaquil,,scraped,2026-07-07T00:25:06.643253,
cc9cdd4c0c0c9612,https://ec.linkedin.com/jobs/view/t%C3%A9cnico-de-seguridad-industrial-at-exportquilsa-4433975520,TÉCNICO DE SEGURIDAD INDUSTRIAL,,scraped,2026-07-07T00:27:22.622677,
788583a88ea15c83,https://ec.linkedin.com/jobs/view/analista-de-compras-at-orgu-ec-4437175927,ANALISTA DE COMPRAS,Orgu Ec,posted,2026-07-07T00:28:46.301718,45
dd4a6f5555fd39f4,https://ec.linkedin.com/jobs/view/t%C3%A9cnico-operaciones-guayaquil-at-final-pest-4434936091,Técnico Operaciones Guayaquil,,scraped,2026-07-07T00:28:48.950846,
1f5b354a716180c8,https://ec.linkedin.com/jobs/view/asistente-contable-at-aditmaq-aditivos-y-maquinarias-s-a-s-4433980035,ASISTENTE CONTABLE,,scraped,2026-07-07T00:28:55.491487,
48e356f20120c004,https://ec.linkedin.com/jobs/view/supervisor-de-ventas-externas-santo-domingo-at-pintulac-4431963397,Supervisor de Ventas Externas Santo Domingo,,scraped,2026-07-07T00:30:06.248315,
8679505bea82463f,https://ec.linkedin.com/jobs/view/supervisor-de-ventas-senior-at-corporaci%C3%B3n-superior-4433716526,SUPERVISOR DE VENTAS Senior,,scraped,2026-07-07T00:30:13.384099,
e64fc2b0903fa9a1,https://ec.linkedin.com/jobs/view/ejecutivo-de-ventas-canal-moderno-guayaquil-at-cbc-4433988479,EJECUTIVO DE VENTAS CANAL MODERNO GUAYAQUIL,cbc,posted,2026-07-07T00:31:35.073101,47
9edca7ec04931af3,https://ec.linkedin.com/jobs/view/analista-de-auditor%C3%ADa-at-mutualista-azuay-4433998694,Analista de Auditoría,,scraped,2026-07-07T00:31:37.690960,
d9830a2aa3f08da1,https://ec.linkedin.com/jobs/view/pasante-comercial-at-ecuatoriana-de-sal-y-productos-qu%C3%ADmicos-c-a-ecuasal-4431987393,Pasante Comercial,,scraped,2026-07-07T00:32:47.899003,
1ea221e9b8db47e7,https://ec.linkedin.com/jobs/view/ayudante-de-ensayo-1-at-skretting-4436017935,Ayudante de Ensayo-1,,scraped,2026-07-07T00:33:01.410670,
ae5fb527a2812bda,https://ec.linkedin.com/jobs/view/vendedor-a-de-motos-at-mastermoto-4432756200,VENDEDOR/A DE MOTOS,MASTERMOTO,posted,2026-07-07T00:34:23.350887,49
03ff852f9a5a7769,https://ec.linkedin.com/jobs/view/analista-trade-marketing-at-alpina-ecuador-4433989925,ANALISTA TRADE MARKETING,,scraped,2026-07-07T00:34:26.064296,
0c404b677e6ff4d1,https://ec.linkedin.com/jobs/view/practicante-de-recursos-humanos-at-jimco-4433118911,Practicante de Recursos Humanos,JIMCO,posted,2026-07-07T00:34:42.836848,51
efc0d0f9c1efc8b2,https://ec.linkedin.com/jobs/view/operador-de-envasado-at-manpower-ecuador-4433966804,OPERADOR DE ENVASADO,,scraped,2026-07-07T00:34:45.534888,
782a289c80e904f5,https://ec.linkedin.com/jobs/view/visitador-a-medicos-m%C3%A1s-giras-guayaquil-at-bmc-del-ecuador-s-a-4437469456,Visitador a medicos más giras - Guayaquil,,scraped,2026-07-07T00:36:00.075586,
fe01aa5b36372c4e,https://ec.linkedin.com/jobs/view/l%C3%ADder-de-equipo-de-ventas-at-tripleten-indonesia-4433140222,Líder de Equipo de Ventas,TripleTen Indonesia,posted,2026-07-07T00:37:22.007416,53
cde39287d3338eb2,https://ec.linkedin.com/jobs/view/analista-de-herramientas-comerciales-at-nestl%C3%A9-4436475655,Analista de Herramientas Comerciales,Nestlé,posted,2026-07-07T00:37:33.890680,55
a167fc28f1e65005,https://ec.linkedin.com/jobs/view/coordinador-de-laboratorio-at-bater%C3%ADas-ecuador-4433962871,Coordinador de Laboratorio,,scraped,2026-07-07T00:37:36.442704,
9965f23578c2987c,https://ec.linkedin.com/jobs/view/jefe-de-operaciones-de-log%C3%ADstica-at-corporaci%C3%B3n-el-rosado-s-a-4434333944,Jefe de operaciones de logística,,scraped,2026-07-07T00:37:43.743642,
2eb944fec197b237,https://ec.linkedin.com/jobs/view/analista-de-gente-at-cbc-4431983618,Analista de Gente,cbc,posted,2026-07-07T00:38:00.895246,57
e02ffcec7b1e4ee0,https://ec.linkedin.com/jobs/view/vendedor-tat-at-calbaq-s-a-4434950060,VENDEDOR TAT,,scraped,2026-07-07T00:38:03.438636,
0595896719fdb71c,https://ec.linkedin.com/jobs/view/pasante-de-planificaci%C3%B3n-log%C3%ADstico-y-suministros-at-ecuaquimica-4433193867,Pasante de Planificación Logístico y Suministros,,scraped,2026-07-07T00:38:11.694365,
e75dc4e8b2e8ac94,https://ec.linkedin.com/jobs/view/auxiliar-servicios-generales-discapacidad-at-pintulac-4435380295,Auxiliar Servicios Generales (Discapacidad),,scraped,2026-07-07T00:39:25.312363,
04b457a1b4d58d0b,https://ec.linkedin.com/jobs/view/auditor-a-at-la-fabril-4433124822,Auditor(a),,scraped,2026-07-07T00:39:32.176278,
8850e471659b8e1e,https://ec.linkedin.com/jobs/view/spanish-interpreter-quito-ecuador-at-propio-language-services-4433969748,"Spanish Interpreter - Quito, Ecuador",Propio Language Services,posted,2026-07-07T00:39:52.514931,59
8072b78211453390,https://ec.linkedin.com/jobs/view/asesor-de-servicio-sector-automotriz-at-condelpi-4433989928,ASESOR DE SERVICIO - SECTOR AUTOMOTRIZ,Condelpi,posted,2026-07-07T00:40:40.077298,61
726df5d78a5ad6ff,https://ec.linkedin.com/jobs/view/asistente-de-selecci%C3%B3n-de-personal-temporal-at-naturisa-s-a-4433996708,Asistente de Selección de Personal Temporal,Naturisa S.A.,posted,2026-07-07T00:41:55.531257,63
63fba894b1a57801,https://ec.linkedin.com/jobs/view/pasante-tecnolog%C3%ADa-de-la-informaci%C3%B3n-at-la-fabril-4431971912,Pasante Tecnología de la Información,,scraped,2026-07-07T00:41:58.116582,
2b0ccbf11122da5e,https://ec.linkedin.com/jobs/view/asesor-de-ventas-suplementos-y-salud-latacunga-at-only-natural-4436163148,ASESOR DE VENTAS - SUPLEMENTOS Y SALUD (LATACUNGA),,scraped,2026-07-07T00:42:06.688377,
66e31332a005ae35,https://ec.linkedin.com/jobs/view/mercaderista-impulsador-canal-moderno-at-nirsa-s-a-4431981552,Mercaderista - Impulsador (Canal Moderno),Nirsa S.A.,posted,2026-07-07T00:45:08.982060,65
873541c5d4612359,https://ec.linkedin.com/jobs/view/auxiliar-de-recepci%C3%B3n-y-despachos-at-emergent-cold-latam-4434343958,Auxiliar de Recepción y Despachos,Emergent Cold LatAm,posted,2026-07-07T00:45:22.831454,67
1693bf322b21097a,https://ec.linkedin.com/jobs/view/jefe-especialista-de-producto-at-inacorp-s-a-del-ecuador-4437469348,Jefe /Especialista de producto,,scraped,2026-07-07T00:45:25.437036,
bb8bac321c5f3942,https://ec.linkedin.com/jobs/view/televendedor-quito-at-puntonet-s-a-4434388474,TELEVENDEDOR- QUITO,,scraped,2026-07-07T00:45:35.335482,
557063a16e1dd406,https://ec.linkedin.com/jobs/view/pasante-de-marketing-maggi-at-nestl%C3%A9-4434663183,Pasante de Marketing Maggi,Nestlé,posted,2026-07-07T00:45:51.447850,69
47fb46f763919e9f,https://ec.linkedin.com/jobs/view/t%C3%A9cnico-el%C3%A9ctrico-electr%C3%B3nico-at-protecompu-c-a-4435363735,TÉCNICO ELÉCTRICO   / ELECTRÓNICO,,scraped,2026-07-07T00:45:54.026654,
9779c43119a96f40,https://ec.linkedin.com/jobs/view/asistente-comercial-canal-moderno-at-asertia-comercial-s-a-4431972851,ASISTENTE COMERCIAL - CANAL MODERNO,,scraped,2026-07-07T00:46:00.914856,
c1ff25799400e094,https://ec.linkedin.com/jobs/view/analista-de-calidad-de-semillas-at-interoc-corporativo-4433722281,ANALISTA DE CALIDAD DE SEMILLAS,,scraped,2026-07-07T00:46:11.085572,
9a2e68b5926e7824,https://ec.linkedin.com/jobs/view/coordinador-a-comercial-at-ghl-4433725231,Coordinador/a Comercial,,scraped,2026-07-07T00:46:19.390261,
0a6009002d882c80,https://ec.linkedin.com/jobs/view/asesor-comercial-linea-ferretera-at-importador-ferretero-trujillo-4433972613,Asesor Comercial - Linea Ferretera,Importador Ferretero Trujillo,posted,2026-07-07T00:48:43.742121,71
28e53e4e03a718e6,https://ec.linkedin.com/jobs/view/coordinador-de-planeaci%C3%B3n-comercial-at-seguros-atl%C3%A1ntida-ecuador-4433962868,Coordinador de Planeación Comercial,Seguros Atlántida Ecuador,posted,2026-07-07T00:48:53.535535,73
97c8b1a20b1b6326,https://ec.linkedin.com/jobs/view/pasante-de-operaciones-log%C3%ADsticas-y-comercio-exterior-at-yovilsa-4435369525,Pasante de operaciones logísticas y comercio exterior,YOVILSA,posted,2026-07-07T00:49:07.028701,75
0e062a55ea011ae2,https://ec.linkedin.com/jobs/view/supervisor-de-ventas-canal-moderno-guayaquil-at-tesalia-cbc-4436497617,SUPERVISOR DE VENTAS CANAL MODERNO GUAYAQUIL,Tesalia cbc,posted,2026-07-07T00:49:19.243112,77
55ee4c9afb7b4e52,https://ec.linkedin.com/jobs/view/rent-pasante-financiero-at-centric-ecuador-4431980583,RENT-PASANTE FINANCIERO,,scraped,2026-07-07T00:49:21.913767,
4c9bfdf6229f8460,https://ec.linkedin.com/jobs/view/quito-promotor-call-center-tecnolog%C3%ADa-at-grupo-lucky-ecuador-4434657181,QUITO: Promotor Call Center - Tecnología,,scraped,2026-07-07T00:49:31.238157,
6c2ca94e7b33b91e,https://ec.linkedin.com/jobs/view/oficial-comercial-ambato-at-el-sagrario-cooperativa-de-ahorro-y-cr%C3%A9dito-4433964801,OFICIAL COMERCIAL AMBATO,,scraped,2026-07-07T00:49:40.588797,
e85045622b18ac9a,https://ec.linkedin.com/jobs/view/delegado-protecci%C3%B3n-datos-personales-at-plasticaucho-industrial-s-a-4432725376,DELEGADO PROTECCIÓN DATOS PERSONALES,,scraped,2026-07-07T00:50:51.633998,
efc430cf2ca3bc79,https://ec.linkedin.com/jobs/view/pasante-sistemas-it-guayaquil-at-only-natural-4435246613,Pasante Sistemas IT - Guayaquil,,scraped,2026-07-07T00:52:02.026723,
5339ad4838a4c6dc,https://ec.linkedin.com/jobs/view/creador-a-de-contenido-pov-para-ia-remoto-at-toloka-annotators-4435144524,Creador(a) de Contenido POV para IA - Remoto,Toloka Annotators,posted,2026-07-07T00:52:18.014203,79
61b13e8693d5b0d0,https://ec.linkedin.com/jobs/view/guardia-de-seguridad-sector-bancario-at-g4s-4433199456,Guardia de seguridad (Sector Bancario),,scraped,2026-07-07T00:52:20.656222,
38916bdbd45ed795,https://ec.linkedin.com/jobs/view/operator-at-essity-4433116892,Operator,,scraped,2026-07-07T00:53:34.265051,
bec08e4480639dbe,https://ec.linkedin.com/jobs/view/control-automation-%2B-emulate-3d-engineer-remote-work-at-bairesdev-4436220846,Control/Automation + Emulate 3D Engineer - Remote Work,BairesDev,posted,2026-07-07T00:53:50.269103,81
6d993e5bc02b2c05,https://ec.linkedin.com/jobs/view/young-professional-%E2%80%93-human-resources-remote-work-at-bairesdev-4436256580,Young Professional – Human Resources - Remote Work,BairesDev,posted,2026-07-07T00:54:01.810933,83
471c64e1055505b3,https://ec.linkedin.com/jobs/view/climate-change-and-circular-economy-experts-at-ntu-international-a-s-4437137436,Climate Change and Circular Economy Experts,,scraped,2026-07-07T00:54:04.513511,
e12e115a34d4ecf4,https://ec.linkedin.com/jobs/view/sustainable-finance-experts-at-ntu-international-a-s-4436750490,Sustainable Finance Experts,,scraped,2026-07-07T00:55:15.741250,
7d75a4e94c4c3b7c,https://ec.linkedin.com/jobs/view/mid-level-cms-engineer-sanity-remote-latin-america-at-fullstack-4434626903,Mid-Level CMS Engineer (Sanity) - Remote - Latin America,FullStack,posted,2026-07-07T00:55:32.413305,85
0bc1edf2fa198ab0,https://ec.linkedin.com/jobs/view/tech-lead-sanity-cms-remote-latin-america-at-fullstack-4427108644,Tech Lead (Sanity CMS) - Remote - Latin America,FullStack,posted,2026-07-07T00:55:42.312869,87
62ce29e1b2c9d1b9,https://ec.linkedin.com/jobs/view/tech-lead-sanity-cms-remote-latin-america-at-fullstack-4427105648,Tech Lead (Sanity CMS) - Remote - Latin America,FullStack,posted,2026-07-07T00:55:47.217316,87
f6cf2c3ae7a8c4b2,https://ec.linkedin.com/jobs/view/tech-lead-sanity-cms-remote-latin-america-at-fullstack-4427112313,Tech Lead (Sanity CMS) - Remote - Latin America,FullStack,posted,2026-07-07T00:55:52.029393,87
5ae9d343bdb9a83c,https://ec.linkedin.com/jobs/view/ingeniero-etl-trabajo-remoto-at-bairesdev-4436227640,Ingeniero ETL - Trabajo Remoto,BairesDev,posted,2026-07-07T00:56:00.824410,89
159d2a387c0c253c,https://ec.linkedin.com/jobs/view/agentic-aws-devops-engineer-remote-latin-america-at-fullstack-4407586806,Agentic AWS DevOps Engineer - Remote - Latin America,FullStack,posted,2026-07-07T00:56:09.714994,91
38460f98b2d7a5ee,https://ec.linkedin.com/jobs/view/aws-devops-engineer-linux-remote-latin-america-at-fullstack-4435336286,AWS DevOps Engineer (Linux) - Remote - Latin America,FullStack,posted,2026-07-07T00:56:19.383713,93
be232d40dd860a05,https://ec.linkedin.com/jobs/view/analista-de-capacitaci%C3%B3n-de-rh-trabajo-remoto-at-bairesdev-4436242337,Analista de Capacitación de RH - Trabajo Remoto,BairesDev,posted,2026-07-07T00:56:29.756755,95
610e2ec9d4acf7f4,https://ec.linkedin.com/jobs/view/aws-devops-engineer-linux-remote-latin-america-at-fullstack-4435324838,AWS DevOps Engineer (Linux) - Remote - Latin America,FullStack,posted,2026-07-07T00:56:34.729886,93
825e96e723b1ca65,https://ec.linkedin.com/jobs/view/supervisor-t%C3%A9cnico-at-bureau-veritas-4435481721,SUPERVISOR TÉCNICO,,scraped,2026-07-07T00:56:37.176704,
51c18b275fbc3a0a,https://ec.linkedin.com/jobs/view/agentic-product-designer-remote-latin-america-at-fullstack-4417338482,Agentic Product Designer - Remote - Latin America,FullStack,posted,2026-07-07T00:56:50.785635,97
edbd4151b5d9b496,https://ec.linkedin.com/jobs/view/mid-level-cms-engineer-sanity-remote-latin-america-at-fullstack-4434640173,Mid-Level CMS Engineer (Sanity) - Remote - Latin America,FullStack,posted,2026-07-07T00:56:55.540241,85
7fe1f9fe2e68dfc3,https://ec.linkedin.com/jobs/view/agentic-product-designer-remote-latin-america-at-fullstack-4417321818,Agentic Product Designer - Remote - Latin America,FullStack,posted,2026-07-07T00:57:00.369753,97
ec54f4a99b683d77,https://ec.linkedin.com/jobs/view/agentic-aws-devops-engineer-remote-latin-america-at-fullstack-4407589797,Agentic AWS DevOps Engineer - Remote - Latin America,FullStack,posted,2026-07-07T00:57:05.254294,91
3b6230718b480047,https://ec.linkedin.com/jobs/view/creador-a-de-contenido-pov-para-ia-remoto-at-toloka-annotators-4435139873,Creador(a) de Contenido POV para IA - Remoto,Toloka Annotators,posted,2026-07-07T00:57:15.479382,99
c1b275bd18128937,https://ec.linkedin.com/jobs/view/jefe-a-de-mantenimiento-camaronera-isla-pun%C3%A1-at-naturisa-s-a-4434500553,Jefe/a de Mantenimiento Camaronera Isla Puná,Naturisa S.A.,posted,2026-07-07T00:57:26.180628,101
d67d36d8fa9f75e4,https://ec.linkedin.com/jobs/view/gerente-de-sucursal-at-human-brand-headhunting-asesores-de-talento-humano-4433713576,Gerente de Sucursal,,scraped,2026-07-07T00:57:28.752883,
aadf1a803b6f2126,https://ec.linkedin.com/jobs/view/auxiliar-de-enfermer%C3%ADa-param%C3%A9dico-tecn%C3%B3logo-en-emergencias-m-at-home-4435482236,Auxiliar de enfermería / Paramédico / Tecnólogo en emergencias m.,Home,posted,2026-07-07T00:57:42.082128,103
91fc9a140ee6f9c7,https://ec.linkedin.com/jobs/view/coordinador-de-marketing-at-instituto-superior-tecnol%C3%B3gico-jap%C3%B3n-4436451831,Coordinador de Marketing,,scraped,2026-07-07T00:57:44.715869,
b9fac799dac22ae0,https://ec.linkedin.com/jobs/view/ventas-web-at-infertec-4435477408,Ventas Web,INFERTEC,posted,2026-07-07T01:00:10.456911,105
cf046488e045b130,https://ec.linkedin.com/jobs/view/vendedor-junior-guayaquil-at-revel-group-s-a-s-4436453698,VENDEDOR JUNIOR GUAYAQUIL,REVEL- GROUP S.A.S,posted,2026-07-07T01:00:21.797733,107
eb165f648f7087ba,https://ec.linkedin.com/jobs/view/front-end-engineer-at-inair-4434957610,Front-End Engineer,InAir,posted,2026-07-07T01:00:30.484313,109
e560aefe03a787e9,https://ec.linkedin.com/jobs/view/executive-assistant-us-startup-at-scale-up-recruiting-partners-4435765991,Executive Assistant - US StartUp,Scale Up Recruiting Partners,posted,2026-07-07T01:00:42.810087,111
8ccebbf4834ea103,https://ec.linkedin.com/jobs/view/pasante-de-servicios-administrativos-at-cresa-4431948885,Pasante de Servicios Administrativos,,scraped,2026-07-07T01:00:45.421608,
b3bbd83fad693f9b,https://ec.linkedin.com/jobs/view/jefe-de-bodega-de-insumos-at-marbelize-s-a-4433712015,JEFE DE BODEGA DE INSUMOS,MARBELIZE S.A.,posted,2026-07-07T01:01:01.591993,113
86d34823f5c4dc7c,https://ec.linkedin.com/jobs/view/cajera-recepci%C3%B3n-tumbaco-at-orgu-ec-4437189288,CAJERA RECEPCIÓN - TUMBACO,Orgu Ec,posted,2026-07-07T01:01:15.699401,115
b1e118e9ffc0d51c,https://ec.linkedin.com/jobs/view/lead-data-scientist-adtech-at-launch-potato-4435818300,"Lead Data Scientist, AdTech",,scraped,2026-07-07T01:01:18.407441,
806e1018af493c8c,https://ec.linkedin.com/jobs/view/analista-seg-mtto-cdr-at-general-motors-south-america-4437473454,Analista Seg /Mtto CDR,,scraped,2026-07-07T01:01:35.705455,
d2237bc1c5c233e2,https://ec.linkedin.com/jobs/view/t%C3%A9cnico-de-calidad-at-tesalia-cbc-4437456985,Técnico de Calidad,Tesalia cbc,posted,2026-07-07T01:01:53.105532,117
9c8415ae4e710789,https://ec.linkedin.com/jobs/view/agentic-aws-devops-engineer-remote-latin-america-at-fullstack-4407579807,Agentic AWS DevOps Engineer - Remote - Latin America,,scraped,2026-07-07T01:01:55.721940,
5247496ed9fd47bf,https://ec.linkedin.com/jobs/view/liner-sales-account-executive-at-inchcape-shipping-services-4436430984,Liner Sales Account Executive,,scraped,2026-07-07T01:02:03.337740,
6b58648c4bd376e0,https://ec.linkedin.com/jobs/view/qa-automation-at-neoris-4427061684,QA Automation,,scraped,2026-07-07T01:02:10.421299,
7e6404baa8b57225,https://ec.linkedin.com/jobs/view/coordinador-de-marketing-at-biolact-pharma-4435340414,Coordinador de Marketing,,scraped,2026-07-07T01:02:18.441166,
6501e54b1b73f56b,https://ec.linkedin.com/jobs/view/coordinador-de-marketing-digital-e-commerce-4436778586,Coordinador de Marketing Digital & E-commerce,Boato Jewelry,posted,2026-07-07T01:03:37.813343,119
d6d8afd76bc4a1bf,https://ec.linkedin.com/jobs/view/agent-ticket-sales-ecuador-gye-at-american-airlines-4433128603,"Agent, Ticket Sales - Ecuador GYE",American Airlines,posted,2026-07-07T01:05:03.927732,121
a90899d10e2c2140,https://ec.linkedin.com/jobs/view/desarrollador-cobis-at-sipecom-s-a-4436908089,Desarrollador Cobis,,scraped,2026-07-07T01:05:06.580196,
7934c9f7e7450a77,https://ec.linkedin.com/jobs/view/operations-assistant-at-cs-outsource-4435250268,Operations Assistant,,scraped,2026-07-07T01:06:17.953207,
a9f77b389cd1fc37,https://ec.linkedin.com/jobs/view/ux-designer-at-confidential-careers-4436415847,UX Designer,,scraped,2026-07-07T01:06:35.313334,
2018097a27275819,https://ec.linkedin.com/jobs/view/representante-de-recepci%C3%B3n-at-gestion360ec-4437491053,Representante de recepción,,scraped,2026-07-07T01:06:42.259554,
30ed5a0ccf2bca8b,https://ec.linkedin.com/jobs/view/coordinadora-creativa-at-criolla-digital-4437458871,Coordinadora Creativa,,scraped,2026-07-07T01:06:48.783750,
7dc3ce57d771439b,https://ec.linkedin.com/jobs/view/vendedor-at-corporativo-allca-s-a-s-4436983343,Vendedor,Corporativo Allca S.A.S,posted,2026-07-07T01:07:07.643897,123
3c0069aaf666d210,https://ec.linkedin.com/jobs/view/community-manager-at-hydromecanica-del-ecuador-s-a-4436135079,Community Manager,,scraped,2026-07-07T01:07:10.237176,
70e3b856d5734732,https://ec.linkedin.com/jobs/view/t%C3%A9cnico-a-de-control-de-calidad-guayaquil-at-holcim-ecuador-4436779519,Técnico/a de Control de Calidad - Guayaquil,,scraped,2026-07-07T01:07:17.607031,
788deb038ce95903,https://ec.linkedin.com/jobs/view/auditor-interno-para-la-ciudad-de-quito-at-fatosla-c-a-4437484134,Auditor Interno para la ciudad de Quito.,,scraped,2026-07-07T01:08:28.396476,
f3d264c99ffdbd05,https://ec.linkedin.com/jobs/view/technical-writer-b2b-social-media-search-seo-ai-referral-at-inair-4435521655,Technical Writer - B2B Social Media & Search (SEO/AI Referral),InAir,posted,2026-07-07T01:08:45.918911,125
98dfd82c341de6e3,https://ec.linkedin.com/jobs/view/jefe-de-trade-marketing-at-indurama-4436772196,JEFE DE TRADE MARKETING,,scraped,2026-07-07T01:08:48.892537,
282001e35cb62315,https://ec.linkedin.com/jobs/view/analista-de-laboratorio-at-biomar-ecuador-4436413416,Analista de laboratorio,BioMar Ecuador,posted,2026-07-07T01:09:05.330581,127
31986176378a6e9b,https://ec.linkedin.com/jobs/view/junior-web-developer-at-tipti-s-a-4434503199,Junior Web Developer,,scraped,2026-07-07T01:09:08.272864,
1655689ea3b265a8,https://ec.linkedin.com/jobs/view/profesor-de-matem%C3%A1ticas-econom%C3%ADa-y-f%C3%ADsica-at-confidential-jobs-4437405219,"Profesor de Matemáticas, Economía y Física",Confidential Jobs,posted,2026-07-07T01:09:21.897146,129
17eb6b6eded0967e,https://ec.linkedin.com/jobs/view/comerciante-minorista-at-rodriguez-alvarado-cia-4437177997,Comerciante minorista,RODRIGUEZ & ALVARADO CIA,posted,2026-07-07T01:09:39.056435,131
94470888e040840e,https://ec.linkedin.com/jobs/view/asistente-de-contabilidad-eventual-at-sika-4428298304,Asistente de Contabilidad (Eventual),,scraped,2026-07-07T01:09:41.638084,
df7fc2208e5cc440,https://ec.linkedin.com/jobs/view/l%C3%ADder-de-cultura-y-talento-at-empresa-confidencial-4435243398,Líder de Cultura y Talento,,scraped,2026-07-07T01:11:57.468314,
75d4545b532ab1f1,https://ec.linkedin.com/jobs/view/join-our-talent-community-oportunidades-futuras%21-at-unode50-4433783891,Join our Talent Community - Oportunidades futuras!,,scraped,2026-07-07T01:13:20.349092,
493ddc7c23c7279a,https://ec.linkedin.com/jobs/view/asistente-contable-guayaquil-at-managementgroup-4437192456,Asistente Contable Guayaquil,,scraped,2026-07-07T01:13:27.916703,
c56dcbc1fae82ea2,https://ec.linkedin.com/jobs/view/pasante-de-contabilidad-at-bangara-4436158286,PASANTE DE CONTABILIDAD,,scraped,2026-07-07T01:13:34.132193,
f0a2d6ec74753fcc,https://ec.linkedin.com/jobs/view/technical-support-specialist-%E2%80%93-entry-level-at-sovos-latinoam%C3%A9rica-4432376307,Technical Support Specialist – Entry Level,,scraped,2026-07-07T01:14:48.490425,
d87b70e2a2540fa3,https://ec.linkedin.com/jobs/view/ux-ui-designer-at-the-flex-4436380528,UX/UI Designer,,scraped,2026-07-07T01:14:55.537034,
b989577112fa7176,https://ec.linkedin.com/jobs/view/asistente-comercial-at-segumundo-4436137043,Asistente comercial,,scraped,2026-07-07T01:15:06.492269,
53f333ec33e994bc,https://ec.linkedin.com/jobs/view/auxiliar-de-ventas-guayaquil-at-danfeer-company-s-a-s-4436906059,AUXILIAR DE VENTAS - Guayaquil,DANFEER COMPANY S.A.S,posted,2026-07-07T01:17:34.455881,133
a3fe4bc5720e4d99,https://ec.linkedin.com/jobs/view/cocinera-at-reciclajes-del-pac%C3%ADfico-4436009149,Cocinera,,scraped,2026-07-07T01:17:37.382584,
2d8cae5ee2904ef6,https://ec.linkedin.com/jobs/view/senior-recruiter-contractor-location-remote-ecuador-at-product-pulse-4435452323,Senior Recruiter (contractor) - Location: remote Ecuador,,scraped,2026-07-07T01:18:48.099533,
b0964646dea1c9c8,https://ec.linkedin.com/jobs/view/key-account-manager-at-electrolux-group-4436159779,Key Account Manager,Electrolux Group,posted,2026-07-07T01:20:44.096161,135
96aae0da95cbb8bf,https://ec.linkedin.com/jobs/view/customer-partner-at-kyndryl-4435747251,Customer Partner,,scraped,2026-07-07T01:20:46.732019,
10bf6ac6e5c34d72,https://ec.linkedin.com/jobs/view/desarrollador-java-springboot-at-tata-consultancy-services-4436432332,Desarrollador Java Springboot,Tata Consultancy Services,posted,2026-07-07T01:21:12.369793,137
4a0f66e524380933,https://ec.linkedin.com/jobs/view/analista-de-log%C3%ADstica-%E2%80%93-quito-at-logiktel-4436773196,ANALISTA DE LOGÍSTICA – QUITO,,scraped,2026-07-07T01:21:15.349581,
245b8d84608d1654,https://ec.linkedin.com/jobs/view/customer-success-manager-enterprise-at-altscore-4437463786,Customer Success Manager (Enterprise),,scraped,2026-07-07T01:21:23.155129,
d15081369e3f1b1b,https://ec.linkedin.com/jobs/view/analista-de-consolidaci%C3%B3n-financiera-at-la-fabril-4433963905,Analista de Consolidación Financiera,,scraped,2026-07-07T01:21:30.254166,
17b2e8efeea9f621,https://ec.linkedin.com/jobs/view/asesor-tecnico-comercial-at-sika-4432265365,Asesor Tecnico Comercial,,scraped,2026-07-07T01:21:39.425355,
5c8cbafa9c782730,https://ec.linkedin.com/jobs/view/gerente-zonal-de-ventas-at-sgf-global-4433711640,GERENTE ZONAL DE VENTAS,,scraped,2026-07-07T01:22:50.470203,
a84a62ad6765fd10,https://ec.linkedin.com/jobs/view/vendedor-4436925475,Vendedor,INDUSTRIA ALIMENTARIA DEL SUR,posted,2026-07-07T01:23:04.424945,123
17df0378cc557a8b,https://ec.linkedin.com/jobs/view/head-of-sales-at-the-studio-4435452455,Head of Sales,,scraped,2026-07-07T01:23:07.171387,
e455900fabcbf7c8,https://ec.linkedin.com/jobs/view/productor-audiovisual-at-autom%C3%B3vil-club-del-ecuador-aneta-4437450793,Productor audiovisual,Automóvil Club del Ecuador ANETA,posted,2026-07-07T01:23:48.796799,139
4f6ae4ee9eb25794,https://ec.linkedin.com/jobs/view/asistente-comercial-4433983680,Asistente Comercial,Arteofi sa,posted,2026-07-07T01:23:56.925218,141
cbdaba662ccd0612,https://ec.linkedin.com/jobs/view/full-stack-developer-python-at-perform-4398414262,Full Stack Developer (Python),,scraped,2026-07-07T01:23:59.616083,
ac9eec7182400133,https://ec.linkedin.com/jobs/view/ayudante-el%C3%A9ctrico-4437413052,Ayudante eléctrico,KVN ELÉCTRICA,posted,2026-07-07T01:24:14.801762,143
928052877af66ee1,https://ec.linkedin.com/jobs/view/especialista-en-automatizaci%C3%B3n-y-control-industrial-at-sherwin-williams-4437405720,ESPECIALISTA EN AUTOMATIZACIÓN Y CONTROL INDUSTRIAL,,scraped,2026-07-07T01:24:17.757427,
42ca6c45b405c758,https://ec.linkedin.com/jobs/view/field-sales-executive-guayaquil-at-mondel%C4%93z-international-4436477295,Field Sales Executive - Guayaquil,Mondelēz International,posted,2026-07-07T01:25:46.695537,145
a2382f9f2009b402,https://ec.linkedin.com/jobs/view/executive-assistant-at-workbetternow-4433511777,Executive Assistant,,scraped,2026-07-07T01:25:49.390584,
b000681d4f5960a1,https://ec.linkedin.com/jobs/view/asistente-de-credito-y-cartera-at-brenntag-4425828492,Asistente de Credito y Cartera,Brenntag,posted,2026-07-07T01:27:30.995354,147
cbd07bcf12a4f297,https://ec.linkedin.com/jobs/view/sales-representative-at-prysmian-4436779601,Sales Representative,,scraped,2026-07-07T01:27:33.596444,
b901ee93c8982d72,https://ec.linkedin.com/jobs/view/auxiliar-administrativo-cupo-inclusivo-at-instituci%C3%B3n-de-educaci%C3%B3n-superior-4434503196,AUXILIAR ADMINISTRATIVO /CUPO INCLUSIVO,INSTITUCIÓN DE EDUCACIÓN SUPERIOR,posted,2026-07-07T01:28:53.996607,149
81f769d81d1321e8,https://ec.linkedin.com/jobs/view/l%C3%ADder-de-customer-experience-at-bater%C3%ADas-ecuador-4432720541,Líder de Customer Experience,,scraped,2026-07-07T01:28:56.664586,
92937c1cc65ef955,https://ec.linkedin.com/jobs/view/promotor-de-ventas-at-procaps-4436155554,PROMOTOR DE VENTAS,Procaps,posted,2026-07-07T01:29:23.859648,151
137f0e134012f47c,https://ec.linkedin.com/jobs/view/asistente-de-servicio-t%C3%A9cnico-para-duran-at-audiovisi%C3%B3n-electr%C3%B3nica-audioelec-s-a-4435239755,Asistente de Servicio Técnico para Duran,,scraped,2026-07-07T01:29:26.515875,
74b56fea4c748a38,https://ec.linkedin.com/jobs/view/asistente-contable-at-cmd-grupo-textil-4435817957,Asistente contable,CMD Grupo Textil,posted,2026-07-07T01:29:42.057627,153
89f649d438bfaebf,https://ec.linkedin.com/jobs/view/consultor-de-sap-sd-retail-at-softtek-4436157699,Consultor de SAP SD Retail,,scraped,2026-07-07T01:29:44.779554,
9866dfdaf4565676,https://ec.linkedin.com/jobs/view/electromec%C3%A1nico-automotriz-4436954734,Electromecánico Automotriz,CHINA IMPORTS3K S.A.S.,posted,2026-07-07T01:29:56.592525,155
2cfdbfac42e44bbb,https://ec.linkedin.com/jobs/view/asesor-de-viajes-100%25-remoto-ecuador-at-dreamport-4436085167,Asesor de Viajes (100% remoto) - Ecuador,,scraped,2026-07-07T01:29:59.270001,
aed0a68c3e68cf9d,https://ec.linkedin.com/jobs/view/sales-representative-sales-executive-at-essity-4432731043,Sales Representative / Sales Executive,,scraped,2026-07-07T01:30:05.783024,
b2f2f2aadb6b3839,https://ec.linkedin.com/jobs/view/asesor-de-servicio-y-colisiones-guayaquil-sector-automotriz-at-automotores-continental-4428719209,ASESOR DE SERVICIO Y COLISIONES GUAYAQUIL (SECTOR AUTOMOTRIZ),,scraped,2026-07-07T01:30:14.386094,
b10947ebfa769340,https://ec.linkedin.com/jobs/view/auxiliar-de-ventas-at-soderal-4436224601,Auxiliar de Ventas,Soderal,posted,2026-07-07T01:31:06.786083,157
242177d77908a12f,https://ec.linkedin.com/jobs/view/auxilir-en-ventas-at-omager-enterprises-s-a-s-4436437981,Auxilir en ventas,Omager Enterprises S.A.S.,posted,2026-07-07T01:31:43.002834,159
1c1f690baf4568ac,https://ec.linkedin.com/jobs/view/arquitecto-de-procesos-renting-remoto-at-keppri-4435011807,Arquitecto de Procesos - Renting (Remoto),,scraped,2026-07-07T01:31:45.846777,
35fbf61a3506815f,https://ec.linkedin.com/jobs/view/representante-de-ventas-de-%C3%A1rea-4436920101,Representante de Ventas de Área,oasis medic center,posted,2026-07-07T01:31:57.876426,161
9b3b3d3eae88ae2d,https://ec.linkedin.com/jobs/view/t%C3%A9cnico-junior-de-equipos-m%C3%A9dicos-at-blanco-equipos-m%C3%A9dicos-4433702650,Técnico Junior de Equipos Médicos,,scraped,2026-07-07T01:32:00.489871,
90128479a91c2f5c,https://ec.linkedin.com/jobs/view/gerente-zonal-de-ventas-at-sgf-global-4433725214,GERENTE ZONAL DE VENTAS,,scraped,2026-07-07T01:32:07.722307,
b1fb2aee4f13fce3,https://ec.linkedin.com/jobs/view/asesor-comercial-para-guayaquil-at-rggroup-s-a-s-4437123108,Asesor comercial para Guayaquil,RGGROUP S.A.S,posted,2026-07-07T01:32:52.398329,163
c6064ba6b0ae7140,https://ec.linkedin.com/jobs/view/asistentw-dental-4436128678,Asistentw dental,ODONTOESTHETIC,posted,2026-07-07T01:33:01.033193,165
050a18f27d939b55,https://ec.linkedin.com/jobs/view/consultor-de-ventas-4433946753,Consultor de ventas,B2B EXCELENCIA,posted,2026-07-07T01:33:08.690644,167
eb7f4d14897988e9,https://ec.linkedin.com/jobs/view/kam-at-foton-motor-4435135354,KAM,Foton Motor,posted,2026-07-07T01:33:55.776014,169
754724fb4a138e44,https://ec.linkedin.com/jobs/view/asesor-comercial-at-traviser-s-a-4437132020,Asesor comercial,,scraped,2026-07-07T01:33:58.662113,
3b491f613f057fea,https://ec.linkedin.com/jobs/view/web-developer-at-power-digital-4435171753,Web Developer,Power Digital,posted,2026-07-07T01:35:03.156194,171
3b0a69b59bec9642,https://ec.linkedin.com/jobs/view/customer-partner-at-kyndryl-4435420055,Customer Partner,,scraped,2026-07-07T01:35:05.852995,
0819e98814cce0dd,https://ec.linkedin.com/jobs/view/coordinador-de-proyectos-at-levo-ecuador-4437437197,Coordinador de Proyectos,,scraped,2026-07-07T01:35:15.929378,
2c4ad59477c91085,https://ec.linkedin.com/jobs/view/analista-de-importaciones-at-almacenes-juan-eljuri-4437199558,Analista de Importaciones,,scraped,2026-07-07T01:35:23.743980,
94c291b050cbbba9,https://ec.linkedin.com/jobs/view/representante-de-ventas-at-books-and-bits-4436753828,Representante de ventas,Books and Bits,posted,2026-07-07T01:35:45.251691,173
2bc95fc3cc4fc0a5,https://ec.linkedin.com/jobs/view/auxiliar-administrativo-4437410706,Auxiliar administrativo,Corporación Ferriagrícola Nacional SAS,posted,2026-07-07T01:35:54.316511,175
2394c8e6d97e375a,https://ec.linkedin.com/jobs/view/auxiliar-ventas-comercial-at-anvel-company-s-a-4437114575,Auxiliar ventas / comercial,Anvel Company S.A.,posted,2026-07-07T01:36:05.163370,177
10dc9bff45b113b0,https://ec.linkedin.com/jobs/view/pasante-calidad-sig-at-sherwin-williams-4437410450,PASANTE CALIDAD SIG,,scraped,2026-07-07T01:36:07.730366,
4157e1aac3bbf3ac,https://ec.linkedin.com/jobs/view/asesor-de-ventas-at-albocompany-c%C3%ADa-ltda-4437476810,Asesor de Ventas,ALBOCOMPANY CÍA. LTDA,posted,2026-07-07T01:36:33.841716,179
51c131c9816f776a,https://ec.linkedin.com/jobs/view/sales-support-specialist-at-brokers-financial-group-4437422375,Sales Support Specialist,,scraped,2026-07-07T01:36:36.471149,
3e547735789acdc5,https://ec.linkedin.com/jobs/view/gestor-verificador-balzar-at-cresa-4434509059,Gestor Verificador - Balzar,,scraped,2026-07-07T01:36:58.226663,
2fd597608576162e,https://ec.linkedin.com/jobs/view/mercaderista-en-la-ciudad-de-quito-at-hogar-verde-ec-4366380651,Mercaderista en la Ciudad de Quito,,scraped,2026-07-07T01:37:05.465788,
75a8119f376a6f02,https://ec.linkedin.com/jobs/view/asociado-de-mantenimiento-als-at-slb-4423611639,Asociado de Mantenimiento ALS,,scraped,2026-07-07T01:37:16.374659,
b40eff72bfcdcd9e,https://ec.linkedin.com/jobs/view/asesor-comercial-at-neohangroup-s-a-s-4437457575,ASESOR COMERCIAL,,scraped,2026-07-07T01:38:24.981922,
ad4ea8c8c78aa091,https://ec.linkedin.com/jobs/view/especialista-de-productos-at-zurich-insurance-4435292845,Especialista de Productos,,scraped,2026-07-07T01:38:38.369294,
8cad3cc7c4afa320,https://ec.linkedin.com/jobs/view/analista-contable-at-grupo-lbi-ecuador-4437481470,Analista Contable,,scraped,2026-07-07T01:38:45.144358,
ad842c95cf6ebf6c,https://ec.linkedin.com/jobs/view/asesor-comercial-at-viex-company-4436472725,Asesor comercial,VIEX COMPANY,posted,2026-07-07T01:39:03.281555,181
61a76bd622a9f81c,https://ec.linkedin.com/jobs/view/asistente-en-servicio-comercial-at-grupo-rodriguez-alvarado-4437184978,Asistente en servicio comercial,Grupo Rodriguez & Alvarado,posted,2026-07-07T01:39:32.498027,183
afc164a016ff3b50,https://ec.linkedin.com/jobs/view/account-partner-eats-global-sales-plan-at-uber-4427638984,"Account Partner, Eats Global (Sales Plan)",,scraped,2026-07-07T01:39:35.195834,
5ab5c5a81fa9cfa6,https://ec.linkedin.com/jobs/view/pasante-de-contabilidad-at-ecoilpet-s-a-4435819801,Pasante de Contabilidad,Ecoilpet S.A,posted,2026-07-07T01:40:05.820006,185
d0f63d4ddbc8345b,https://ec.linkedin.com/jobs/view/pasante-de-dise%C3%B1o-gr%C3%A1fico-y-marketing-at-neyco-s-a-4437410001,Pasante de Diseño Gráfico y Marketing,,scraped,2026-07-07T01:40:08.462391,
b1e4ad30862ed777,https://ec.linkedin.com/jobs/view/assistant-laundry-manager-at-royal-caribbean-group-4434920345,Assistant Laundry Manager,,scraped,2026-07-07T01:40:20.052729,
908ff4a842080ab1,https://ec.linkedin.com/jobs/view/asistente-contable-at-empresa-confidencial-4436433304,Asistente contable,Empresa Confidencial,posted,2026-07-07T01:41:33.926987,153
ff9bbea0557f47f0,https://ec.linkedin.com/jobs/view/arquitecto-de-obra-at-drrp-spaces-4437474927,ARQUITECTO DE OBRA,,scraped,2026-07-07T01:41:36.564560,
4c91aa7143e721b7,https://ec.linkedin.com/jobs/view/analista-comercial-at-dp-world-4427906535,ANALISTA COMERCIAL,,scraped,2026-07-07T01:41:45.222047,
e246b0c104d97d82,https://ec.linkedin.com/jobs/view/promotora-de-ventas-at-platino-marketing-ecuador-4437406484,PROMOTORA DE VENTAS,,scraped,2026-07-07T01:41:52.715411,
c9600564c829a05c,https://ec.linkedin.com/jobs/view/tecnico-en-aires-acondicionados-y-refrigeracion-industrial-santo-domingo-at-hrvcialtda-4435364764,TECNICO EN AIRES ACONDICIONADOS Y REFRIGERACION INDUSTRIAL SANTO DOMINGO,,scraped,2026-07-07T01:41:59.636396,
ab9cbd4c5b0cc413,https://ec.linkedin.com/jobs/view/asistente-polifuncional-de-almac%C3%A9n-quito-at-hydromecanica-del-ecuador-s-a-4436120798,Asistente Polifuncional de Almacén - Quito,,scraped,2026-07-07T01:42:18.053217,
853a2df6f70edc17,https://ec.linkedin.com/jobs/view/supervisor-de-bodega-matriz-at-hydromecanica-del-ecuador-s-a-4436729817,Supervisor de Bodega- Matriz,,scraped,2026-07-07T01:42:25.623941,
eab1e78923b33c51,https://ec.linkedin.com/jobs/view/auxiliar-en-ventas-atencion-a-cliente-at-rodriguez-alvarado-escuela-de-negocios-4437420404,AUXILIAR EN VENTAS-Atencion a cliente,,scraped,2026-07-07T01:42:32.575479,
a09a2515539db10b,https://ec.linkedin.com/jobs/view/asesor-comercial-de-campo-at-one-telecom-internet-4436775155,Asesor Comercial de Campo,,scraped,2026-07-07T01:42:39.665225,
33a11665720d13e8,https://ec.linkedin.com/jobs/view/ejecutivo-de-ventas-b2b-guayaquil-at-gk-talent-consulting-4437461845,EJECUTIVO DE VENTAS B2B- GUAYAQUIL,,scraped,2026-07-07T01:42:47.427438,
754e69c398402ff2,https://ec.linkedin.com/jobs/view/virtual-assistant-at-cs-outsource-4436017018,Virtual Assistant,,scraped,2026-07-07T01:42:56.457808,
e76be406588f109c,https://ec.linkedin.com/jobs/view/ejecutivo-de-ventas-at-rosxecorp-s-as-4437446385,Ejecutivo de ventas,ROSXECORP S.AS,posted,2026-07-07T01:43:33.353406,187
7f431e10118c9fb1,https://ec.linkedin.com/jobs/view/jefe-logistico-vehiculos-at-corporaci%C3%B3n-maresa-4436413188,JEFE LOGISTICO VEHICULOS,,scraped,2026-07-07T01:43:35.988295,
c051340af128dace,https://ec.linkedin.com/jobs/view/coordinador-de-calidad-mp-temporal-at-skretting-4434388054,Coordinador de Calidad MP - Temporal,,scraped,2026-07-07T01:43:42.469849,
4f0105a71affe98f,https://ec.linkedin.com/jobs/view/l%C3%ADder-t%C3%A9cnico-de-desarrollo-sector-bancario-at-devsu-4432789759,Líder Técnico de Desarrollo - Sector Bancario,,scraped,2026-07-07T01:43:49.678276,
e2ab277dfe731425,https://ec.linkedin.com/jobs/view/gestor-comercial-at-nexora-ecosistema-de-negocios-4436976202,Gestor Comercial,Nexora - Ecosistema de Negocios,posted,2026-07-07T01:44:12.982817,189
c62fded29a245ea5,https://ec.linkedin.com/jobs/view/agente-de-call-center-at-automotores-y-anexos-s-a-4433731599,AGENTE DE CALL CENTER,,scraped,2026-07-07T01:44:15.626845,
25fc06e0ea0fc035,https://ec.linkedin.com/jobs/view/personal-de-conducci%C3%B3n-en-bilbao-largo-recorrido-at-alsa-4433928705,Personal de Conducción en Bilbao (Largo recorrido),,scraped,2026-07-07T01:44:23.231289,
d3de18ea3cc06791,https://ec.linkedin.com/jobs/view/contador-general-at-prolacpi-4436775010,Contador general,PROLACPI,posted,2026-07-07T01:44:41.832337,191
d1c8f87f6a9c71bc,https://ec.linkedin.com/jobs/view/asesor-t%C3%A9cnico-comercial-mascotas-at-bioalimentar-4433708414,ASESOR TÉCNICO COMERCIAL - MASCOTAS,,scraped,2026-07-07T01:44:44.527156,
f9b18b90797511f6,https://ec.linkedin.com/jobs/view/remote-operator-at-metropolitan-foot-care-4437415766,Remote operator,,scraped,2026-07-07T01:44:51.506330,
443eb9f5e9d08647,https://ec.linkedin.com/jobs/view/soldador-armador-industrial-at-grupo-danec-4433769884,Soldador Armador (Industrial),,scraped,2026-07-07T01:45:04.717431,
1b6dd3c8fd38bf6c,https://ec.linkedin.com/jobs/view/asesor-financiero-de-seguros-at-finanzas-y-bienestar-ec-4437453148,Asesor financiero de seguros,Finanzas y Bienestar EC,posted,2026-07-07T01:45:19.829267,193
7518d9d95eec27af,https://ec.linkedin.com/jobs/view/asesor-de-viajes-100%25-remoto-ecuador-at-dreamport-4436072836,Asesor de Viajes (100% remoto) - Ecuador,,scraped,2026-07-07T01:45:22.468041,
aaae296041cd8117,https://ec.linkedin.com/jobs/view/senior-aws-devops-engineer-at-coderio-4437404157,Senior AWS Devops Engineer,,scraped,2026-07-07T01:45:28.946442,
0a369e1324ad5999,https://ec.linkedin.com/jobs/view/jefe-de-proyectos-y-productos-at-empresa-confidencial-4437490064,Jefe de Proyectos y Productos,Empresa Confidencial,posted,2026-07-07T01:45:52.038280,195
460f86ba5548ddb0,https://ec.linkedin.com/jobs/view/grocery-stocker-at-brookshire-grocery-company-4436146444,Grocery Stocker,,scraped,2026-07-07T01:45:54.710995,
ee069f01cebb35af,https://ec.linkedin.com/jobs/view/agente-inmobiliario-at-remax-advance-4435838363,Agente inmobiliario,,scraped,2026-07-07T01:46:07.992903,
c53055a60374adc8,https://ec.linkedin.com/jobs/view/consultor-comercial-independiente-at-aliado-ai-4437435124,Consultor Comercial Independiente,,scraped,2026-07-07T01:46:16.235907,
c91f45d87c8d941a,https://ec.linkedin.com/jobs/view/asesor-4437457986,Asesor,Seguros,posted,2026-07-07T01:46:31.104014,197
d346104e84db1d0f,https://ec.linkedin.com/jobs/view/bilingual-call-center-operator-at-bpoandina-4436122222,Bilingual Call Center Operator,,scraped,2026-07-07T01:46:33.796903,
400daf202eac6d46,https://ec.linkedin.com/jobs/view/ai-video-creator-at-the-flex-4436782340,AI Video Creator,,scraped,2026-07-07T01:46:44.051174,
ed6abb7cd6a29683,https://ec.linkedin.com/jobs/view/asesor-comercial-at-netafim-4436272079,Asesor comercial,,scraped,2026-07-07T01:46:50.861373,
423fd1e1eb0cdfc4,https://ec.linkedin.com/jobs/view/ingeniero-de-seguridad-aplicativa-sector-financiero-bancario-at-devsu-4425301488,Ingeniero de Seguridad Aplicativa - Sector Financiero/Bancario,,scraped,2026-07-07T01:46:57.853877,
9b172577b066bc71,https://ec.linkedin.com/jobs/view/especialista-en-ventas-4437401830,Especialista en ventas,DISTRIRROZ S.A,posted,2026-07-07T01:47:54.230860,199
f4a72266149908f2,https://ec.linkedin.com/jobs/view/analista-de-inventarios-at-hydromecanica-del-ecuador-s-a-4436126577,Analista de Inventarios,,scraped,2026-07-07T01:47:56.868755,
cdef4c05f1a5b44c,https://ec.linkedin.com/jobs/view/especialista-en-performance-at-grupo-lbi-ecuador-4436357395,Especialista en Performance,,scraped,2026-07-07T01:48:04.463313,
670c9cb55ba150a3,https://ec.linkedin.com/jobs/view/ejecutivo-de-ventas-santo-domingo-temporal-at-tesalia-cbc-4436477188,EJECUTIVO DE VENTAS SANTO DOMINGO (Temporal),Tesalia cbc,posted,2026-07-07T01:48:22.619828,201
8b6600988194e03e,https://ec.linkedin.com/jobs/view/digital-experts-at-ntu-international-a-s-4437156738,Digital Experts,,scraped,2026-07-07T01:48:25.277130,
3a88a0f449aa6a1d,https://ec.linkedin.com/jobs/view/desarrollador-angular-sr-quito-at-sofka-technologies-4435220149,Desarrollador Angular SR - Quito,Sofka Technologies,posted,2026-07-07T01:48:50.797491,203
d21ab648de12e3d9,https://ec.linkedin.com/jobs/view/asistente-de-negocios-at-rodriguez-alvarado-escuela-de-negocios-4435302268,Asistente de negocios,,scraped,2026-07-07T01:48:53.389569,
9d17c1975f46ca81,https://ec.linkedin.com/jobs/view/account-manager-at-palo-alto-networks-4413644480,Account Manager,,scraped,2026-07-07T01:49:00.404685,
2483caf0273a907d,https://ec.linkedin.com/jobs/view/coordinador-a-seguridad-y-road-safety-at-holcim-ecuador-4426581189,COORDINADOR/A SEGURIDAD Y ROAD SAFETY,,scraped,2026-07-07T01:49:17.487782,
5fccd630fc5647ae,https://ec.linkedin.com/jobs/view/admisionista-at-incarvasc-4435709824,Admisionista,INCARVASC,posted,2026-07-07T01:49:33.566213,205
1c81a01f48b26999,https://ec.linkedin.com/jobs/view/software-quality-assurance-tester-at-deft-appian-partner-4417154639,Software Quality Assurance Tester,,scraped,2026-07-07T01:49:36.155333,
40ea7c628dd40c27,https://ec.linkedin.com/jobs/view/gerente-zonal-de-ventas-temporal-at-sgf-global-4433714573,GERENTE ZONAL DE VENTAS TEMPORAL,,scraped,2026-07-07T01:49:43.543157,
6cb214f11387fe5e,https://ec.linkedin.com/jobs/view/process-associate-at-payjoy-4425912560,Process Associate,,scraped,2026-07-07T01:50:02.476690,
e779d39b7ddee67c,https://ec.linkedin.com/jobs/view/asesores-comerciales-%F0%9F%93%8Dquito-%E2%80%93-guayaquil-at-certero-s-a-4437404664,Asesores Comerciales 📍QUITO – GUAYAQUIL,,scraped,2026-07-07T01:50:48.109855,
bc4773891534e349,https://ec.linkedin.com/jobs/view/especialista-en-ventas-y-marketing-at-stragma-4433960972,Especialista en ventas y marketing,,scraped,2026-07-07T01:50:55.459567,
1bd00778250fb506,https://ec.linkedin.com/jobs/view/senior-python-data-scraping-engineer-freelance-at-mindrift-4436306570,Senior Python Data Scraping Engineer (Freelance),,scraped,2026-07-07T01:51:01.991330,
395e30c30cb179ad,https://ec.linkedin.com/jobs/view/t%C3%A9cnico-de-planta-externa-%E2%80%93-isp-at-servifinance-consultores-4437479209,Técnico de Planta Externa – ISP,,scraped,2026-07-07T01:51:09.398505,
35a6f26757b8d028,https://ec.linkedin.com/jobs/view/auxiliar-comercial-urdesa-at-talento-humano-wg-4437472775,Auxiliar comercial/ Urdesa,Talento Humano WG,posted,2026-07-07T01:51:32.488905,207
12a7b6636f60c64b,https://ec.linkedin.com/jobs/view/analista-de-indemnizaciones-vida-senior-temporal-at-equisuiza-seguros-4437479171,Analista de Indemnizaciones Vida Senior Temporal,,scraped,2026-07-07T01:51:35.130507,
4992bfb14f5553d3,https://ec.linkedin.com/jobs/view/desarrollador-senior-back-java-%2B-springboot-presencial-quito-at-sofka-technologies-4435221163,Desarrollador Senior Back (Java + SpringBoot) | Presencial | Quito,Sofka Technologies,posted,2026-07-07T01:52:37.347797,209
f14334fae754b3ed,https://ec.linkedin.com/jobs/view/jefe-de-postcosecha-at-colour-republic-4433196382,Jefe de Postcosecha,Colour Republic,posted,2026-07-07T01:52:53.892290,211
7c7556d33d935530,https://ec.linkedin.com/jobs/view/vendedor-comercial-jr-guayaquil-at-rodriguez-alvarado-escuela-de-negocios-4435315033,Vendedor Comercial Jr. - Guayaquil,,scraped,2026-07-07T01:52:56.478583,
43c95d6872cd7818,https://ec.linkedin.com/jobs/view/machine-learning-engineer-remote-work-at-bairesdev-4436221643,Machine Learning Engineer - Remote Work,,scraped,2026-07-07T01:53:03.322504,
abb883514f436591,https://ec.linkedin.com/jobs/view/cybersecurity-incident-response-engineer-peru-at-world-wildlife-fund-4434344183,Cybersecurity Incident Response Engineer - Peru,World Wildlife Fund,posted,2026-07-07T01:53:52.473502,213
50c5950a6b54ea32,https://ec.linkedin.com/jobs/view/escolta-vip-at-g4s-4433189741,Escolta VIP,,scraped,2026-07-07T01:53:55.059501,
5a84b2de40d67b25,https://ec.linkedin.com/jobs/view/release-office-reviewer-at-gr%C3%BCnenthal-group-4436399550,Release Office Reviewer,,scraped,2026-07-07T01:54:05.119945,
966d1e44295a54b2,https://ec.linkedin.com/jobs/view/senior-data-analyst-at-pwc-4437434637,Senior Data Analyst,PwC,posted,2026-07-07T01:54:22.437288,215
512bd559d2db183d,https://ec.linkedin.com/jobs/view/full-stack-developer-python-at-perform-4415700385,Full Stack Developer (Python),,scraped,2026-07-07T01:54:25.019185,
5036fc520a034c92,https://ec.linkedin.com/jobs/view/profesor-de-franc%C3%A9s-at-ipac-instituto-particular-abd%C3%B3n-calder%C3%B3n-4369208352,Profesor de francés,IPAC - Instituto Particular Abdón Calderón,posted,2026-07-07T01:54:57.771275,217
e71a6c761de47375,https://ec.linkedin.com/jobs/view/vendedor-textil-4436968779,Vendedor textil,Textiles Rey S.A.S REYBATEX,posted,2026-07-07T01:55:06.827995,219
f9dd9f58993744df,https://ec.linkedin.com/jobs/view/analista-de-soluciones-energ%C3%A9ticas-at-duragas-abastible-4435116971,Analista de Soluciones Energéticas,,scraped,2026-07-07T01:55:09.507759,
fda87a845b7ccca1,https://ec.linkedin.com/jobs/view/full-stack-developer-net-developer-at-perform-4398416143,Full Stack Developer (.NET Developer),,scraped,2026-07-07T01:55:19.035092,
10171fa2dd51cf20,https://ec.linkedin.com/jobs/view/vendedor-senior-b2b-energia-solar-para-industrias-at-sunforce-ecuador-4431138332,Vendedor Senior B2B - Energia Solar para Industrias,SunForce Ecuador,posted,2026-07-07T01:55:49.449875,221
7074c52dae851739,https://ec.linkedin.com/jobs/view/mobility-transport-and-urban-planning-experts-at-ntu-international-a-s-4437134768,"Mobility, Transport and Urban Planning Experts",,scraped,2026-07-07T01:55:52.099025,
7a7f107620a00d85,https://ec.linkedin.com/jobs/view/database-administrator-at-business-it-4436109319,Database Administrator,Business IT,posted,2026-07-07T01:56:10.339817,223
6f38268c5538e5c0,https://ec.linkedin.com/jobs/view/agente-de-seguros-at-ga-group-4429716829,AGENTE DE SEGUROS,GA Group,posted,2026-07-07T01:56:32.770249,225
020189234b301f7b,https://ec.linkedin.com/jobs/view/especialista-de-repuestos-cuenca-at-empresa-confidencial-4434365456,Especialista de Repuestos- Cuenca,Empresa Confidencial,posted,2026-07-07T01:56:43.321099,227
cc0c85815335aad0,https://ec.linkedin.com/jobs/view/point-sales-support-at-essity-4433137894,Point Sales Support,,scraped,2026-07-07T01:56:46.132542,
951d8d36ee3e7a31,https://ec.linkedin.com/jobs/view/jovem-aprendiz-com%C3%A9rcio-at-leroy-merlin-4431981398,Jovem Aprendiz - Comércio,,scraped,2026-07-07T01:56:54.003749,
c9cef13e288dbde0,https://ec.linkedin.com/jobs/view/mesera-4437133194,MESERA,Campiña lojana,posted,2026-07-07T01:57:06.514107,229
9957de7bbf48f32b,https://ec.linkedin.com/jobs/view/m%C3%A9dico-geriatra-at-serenza-centros-m%C3%A9dicos-4433709750,Médico Geriatra,,scraped,2026-07-07T01:57:09.193327,
a9a0d7f7c00edd30,https://ec.linkedin.com/jobs/view/asesor-comercial-de-seguros-freelance-at-aquiesalud-4436963018,Asesor Comercial de Seguros Freelance,,scraped,2026-07-07T01:57:26.686082,
f6756014dcb9a1c0,https://ec.linkedin.com/jobs/view/asesor-de-inversiones-at-sg-consulting-4437411554,ASESOR DE INVERSIONES,,scraped,2026-07-07T01:58:36.750475,
461fb752e9d3ca0b,https://ec.linkedin.com/jobs/view/business-process-solutions-analyst-plain-at-chubb-4437489257,Business Process & Solutions Analyst Plain,,scraped,2026-07-07T01:59:15.154763,
c741634490c84508,https://ec.linkedin.com/jobs/view/assessor-a-de-vendas-mundo-pisos-at-leroy-merlin-4434630548,Assessor(a) de Vendas - Mundo Pisos,,scraped,2026-07-07T01:59:21.630633,
beac6d307c839e35,https://ec.linkedin.com/jobs/view/asistente-contable-at-log%C3%ADstica-mar%C3%ADtima-integral-s-a-4436961789,Asistente Contable,,scraped,2026-07-07T01:59:29.747265,
0cb253a1bed88022,https://ec.linkedin.com/jobs/view/svn-ec010-2026-spsea-senior-psea-associate-at-iom-un-migration-4436470199,SVN-EC010-2026-SPSEA Senior PSEA Associate,IOM - UN Migration,posted,2026-07-07T01:59:48.502981,231
2033022a87af2c2e,https://ec.linkedin.com/jobs/view/asistente-en-servicio-comercial-at-rodriguez-alvarado-escuela-de-negocios-4437404217,Asistente en servicio comercial,,scraped,2026-07-07T01:59:51.274032,
5653ea93ec9988c4,https://ec.linkedin.com/jobs/view/voluntaria-terapia-ocupacional-at-fundaci%C3%B3n-fundemozesperanza-4437472544,Voluntaria Terapia Ocupacional,,scraped,2026-07-07T01:59:58.165086,
8944a15fb0caf120,https://ec.linkedin.com/jobs/view/ejecutivo-a-comercial-senior-%E2%80%94-ventas-consultivas-dise%C3%B1o-interior-arquitectura-at-%C3%A9bano-%E2%80%93-custom-furniture-interior-design-4436051225,Ejecutivo/a Comercial Senior — Ventas Consultivas - Diseño interior - Arquitectura,,scraped,2026-07-07T02:00:04.879738,
39ab606870abab98,https://ec.linkedin.com/jobs/view/pasante-de-marketing-enfoque-b2b-at-atf-taxfinance-4436470203,Pasante de Marketing (Enfoque B2B),ATF | Taxfinance,posted,2026-07-07T02:00:29.123463,233
b0947bc96f429353,https://ec.linkedin.com/jobs/view/practicante-de-marketing-digital-at-united-builders-ecuador-4437423679,Practicante de Marketing Digital,,scraped,2026-07-07T02:00:31.740374,
dadffef6950c37bd,https://ec.linkedin.com/jobs/view/pasant%C3%ADa-laboral-media-strategy-at-deinsa-global-4435238768,Pasantía Laboral / Media Strategy,,scraped,2026-07-07T02:00:42.883641,
bd439e4766e77691,https://ec.linkedin.com/jobs/view/graphic-creative-senior-at-ariadna-communications-group-4435115818,Graphic Creative Senior,Ariadna Communications Group,posted,2026-07-07T02:01:07.329265,235
8961f678f39abd0b,https://ec.linkedin.com/jobs/view/analista-senior-integral-de-pruebas-funcional-y-no-funcional-at-periferia-it-group-4434606549,Analista Senior integral de Pruebas Funcional y no Funcional,,scraped,2026-07-07T02:01:09.954521,
7d3ea4ab4d4ecdaf,https://ec.linkedin.com/jobs/view/production-operator-at-championx-4434981596,Production Operator,,scraped,2026-07-07T02:01:18.120471,
36499e5116862d03,https://ec.linkedin.com/jobs/view/robot-reliability-engineer-remote-work-at-bairesdev-4436249837,Robot Reliability Engineer - Remote Work,,scraped,2026-07-07T02:01:43.633266,
f9abffc4ad6039c5,https://ec.linkedin.com/jobs/view/ingeniero-de-mediciones-m-lwd-at-slb-4422780952,Ingeniero de Mediciones M/LWD,,scraped,2026-07-07T02:01:50.963201,
9b25a54136e11335,https://ec.linkedin.com/jobs/view/ejecutivo-de-ventas-at-four-points-by-sheraton-cuenca-4437455217,Ejecutivo de ventas,Four Points by Sheraton Cuenca,posted,2026-07-07T02:02:04.299372,187
307fd9f269d4d6fd,https://ec.linkedin.com/jobs/view/senior-technical-support-engineer-upto-%2450k-yr-at-mercor-4416360965,Senior Technical Support Engineer | Upto $50K/yr,,scraped,2026-07-07T02:02:06.912661,
007f479236b99ce3,https://ec.linkedin.com/jobs/view/real-estate-agent-at-remax-advance-4436760568,Real Estate Agent,,scraped,2026-07-07T02:02:28.243123,
171deb471679b23d,https://ec.linkedin.com/jobs/view/senior-software-engineer-team-lead-at-deft-appian-partner-4427724404,Senior Software Engineer Team Lead,Deft (Appian Partner),posted,2026-07-07T02:02:45.864366,237
3a6cbdfe44c15194,https://ec.linkedin.com/jobs/view/vendedor-de-cobertura-guayas-at-challenger-industrial-ec-4434930228,Vendedor de cobertura Guayas,Challenger Industrial Ec,posted,2026-07-07T02:02:57.441781,239
1284c79606e65a99,https://ec.linkedin.com/jobs/view/digital-skills-teacher-at-liceo-campo-verde-4434324993,Digital Skills Teacher,,scraped,2026-07-07T02:03:00.051353,
aad131f7d9874d3c,https://ec.linkedin.com/jobs/view/sr-client-partner-criteo-at-aleph-4425519134,Sr. Client Partner - Criteo,Aleph,posted,2026-07-07T02:03:18.979618,241
4670bad898981005,https://ec.linkedin.com/jobs/view/associate-professional-pre-sales-cisco-at-ingram-micro-4426175780,"Associate Professional, Pre-sales Cisco",Ingram Micro,posted,2026-07-07T02:03:32.561156,243
d2313bb8464c6b3b,https://ec.linkedin.com/jobs/view/email-platform-migration-specialist-at-power-digital-4435171754,Email Platform Migration Specialist,Power Digital,posted,2026-07-07T02:03:42.348510,245
13c0f284092ad3c1,https://ec.linkedin.com/jobs/view/node-developer-remote-work-at-indi-staffing-services-4435815522,Node Developer - Remote Work,INDI Staffing Services,posted,2026-07-07T02:03:51.562768,247
a14b17d15863ec02,https://ec.linkedin.com/jobs/view/node-developer-remote-work-at-indi-staffing-services-4435820439,Node Developer - Remote Work,,scraped,2026-07-07T02:03:54.158414,
57e831d00e0986e9,https://ec.linkedin.com/jobs/view/ar-ap-specialist-at-verndale-4415775839,AR & AP Specialist,,scraped,2026-07-07T02:04:32.464711,
3c72605970cdf49d,https://ec.linkedin.com/jobs/view/oficial-de-seguridad-fisica-y-electronica-at-cooperativa-de-ahorro-y-cr%C3%A9dito-cacpe-yantzaza-4436976230,OFICIAL DE SEGURIDAD FISICA Y ELECTRONICA,,scraped,2026-07-07T02:04:42.719483,
622b083161240911,https://ec.linkedin.com/jobs/view/desarrollador-semi-senior-at-fiducia-s-a-4435185029,Desarrollador Semi Senior,FIDUCIA S.A.,posted,2026-07-07T02:05:21.264543,249
60cd42953a6f7815,https://ec.linkedin.com/jobs/view/agentic-product-designer-remote-latin-america-at-fullstack-4417327769,Agentic Product Designer - Remote - Latin America,,scraped,2026-07-07T02:05:23.903662,
3a8df272d168eaa6,https://ec.linkedin.com/jobs/view/mechanical-bim-specialist-%E2%80%93-revit-navisworks-vendor-model-remote-latam-paid-in-usd-at-eng-4422494858,Mechanical BIM Specialist – Revit & Navisworks Vendor Model | Remote LATAM | Paid in USD,,scraped,2026-07-07T02:06:39.704214,
6705d68e19d80983,https://ec.linkedin.com/jobs/view/sr-ai-data-engineer-at-north-highland-4434699702,Sr. AI & Data Engineer,,scraped,2026-07-07T02:06:58.404583,
2f9822527f331837,https://ec.linkedin.com/jobs/view/medical-imaging-field-engineer-2-santa-barbara-oxnard-ca-at-siemens-healthineers-4436255859,"Medical Imaging Field Engineer 2- Santa Barbara / Oxnard, CA",,scraped,2026-07-07T02:07:20.642677,
de6d98361e20a3d0,https://ec.linkedin.com/jobs/view/representante-de-ventas-de-pintura-automotriz-quito-at-sherwin-williams-4437481207,Representante de Ventas de Pintura Automotriz - Quito,,scraped,2026-07-07T02:07:28.437177,
a9a6771312d67d15,https://ec.linkedin.com/jobs/view/profesor-de-ingles-valle-de-los-chillos-de-quito-at-corporaci%C3%B3n-jetmind-4436767410,Profesor de Ingles - Valle de los chillos de Quito,Corporación Jetmind,posted,2026-07-07T02:08:03.524637,251
dfeb1df3707eae08,https://ec.linkedin.com/jobs/view/obrero-de-producci%C3%B3n-at-calbaq-s-a-4433121827,OBRERO DE PRODUCCIÓN,,scraped,2026-07-07T12:19:32.181891,
d6e7c804ab567dd2,https://ec.linkedin.com/jobs/view/vendedor-pasaje-machala-at-la-ganga-4432725372,VENDEDOR - PASAJE / MACHALA,La Ganga,posted,2026-07-07T12:19:51.921618,253
043c364bce5ff7f9,https://ec.linkedin.com/jobs/view/asistente-de-planificacion-at-calbaq-s-a-4432725373,asistente de planificacion,,scraped,2026-07-07T12:19:56.579704,
12e3a87849477753,https://ec.linkedin.com/jobs/view/mesero-a-at-ghl-4432715893,MESERO (A),,scraped,2026-07-07T12:20:05.417078,
b900cbf99acf4b47,https://ec.linkedin.com/jobs/view/asistente-de-ventas-guayaquil-at-megalabs-ecuador-4433704588,Asistente de Ventas - Guayaquil,,scraped,2026-07-07T12:20:12.191510,
37d3634f5d4031d9,https://ec.linkedin.com/jobs/view/asistente-de-bodega-at-naturisa-s-a-4433991882,Asistente de bodega,Naturisa S.A.,posted,2026-07-07T12:20:30.254018,255
679ed7721eac4df8,https://ec.linkedin.com/jobs/view/asistente-de-talento-humano-at-kao-sport-4435505407,ASISTENTE DE TALENTO HUMANO,KAO SPORT,posted,2026-07-07T12:20:41.721764,257
9371a1baf97b03dd,https://ec.linkedin.com/jobs/view/auxiliar-de-bodega-cd-i-at-mccormick-flavor-solutions-4435799652,Auxiliar de bodega CD I,,scraped,2026-07-07T12:20:44.247013,
18c1fee1367a5a8c,https://ec.linkedin.com/jobs/view/auditor-junior-at-cooperativa-de-ahorro-y-cr%C3%A9dito-%E2%80%9D29-de-octubre%E2%80%9D-ltda-4434644700,Auditor Junior,,scraped,2026-07-07T12:20:50.589014,
5d970801592e06b6,https://ec.linkedin.com/jobs/view/t%C3%A9cnico-inform%C3%A1tico-at-bureau-veritas-4435072038,TÉCNICO INFORMÁTICO,,scraped,2026-07-07T12:20:57.585015,
8640356449d3edb8,https://ec.linkedin.com/jobs/view/senior-it-recruiter-remote-work-at-bairesdev-4436251017,Senior IT Recruiter - Remote Work,BairesDev,posted,2026-07-07T12:21:14.844822,259
3eb807b9528a9512,https://ec.linkedin.com/jobs/view/oficial-de-cumplimiento-seps-at-auditecuador-4437707637,Oficial de cumplimiento SEPS,AuditEcuador,posted,2026-07-07T12:22:06.938389,261
64e6d28bf4ddf6c0,https://ec.linkedin.com/jobs/view/pasante-administrativo-at-cooperativa-alianza-del-valle-4432723417,PASANTE ADMINISTRATIVO,,scraped,2026-07-07T12:22:23.866208,
c4f6f472ecb3510f,https://ec.linkedin.com/jobs/view/ejecutivo-comercial-machala-at-bgr-banco-general-rumi%C3%B1ahui-4432719542,Ejecutivo Comercial - Machala,,scraped,2026-07-07T12:22:30.872323,
c6960486388ef54c,https://ec.linkedin.com/jobs/view/ing-seguridad-industrial-ambiental-at-fullpacktex-cia-ltda-4436914508,Ing Seguridad Industrial Ambiental,,scraped,2026-07-07T12:22:38.062600,
82fb622c6250ed50,https://ec.linkedin.com/jobs/view/atenci%C3%B3n-al-cliente-cajas-at-objetiva-4436908812,ATENCIÓN AL CLIENTE/CAJAS,,scraped,2026-07-07T12:22:46.000369,
d40f2d64ecff8987,https://ec.linkedin.com/jobs/view/asistente-de-cobranzas-contact-center-at-cobroandina-s-a-4433124818,ASISTENTE DE COBRANZAS Contact Center,,scraped,2026-07-07T12:23:00.411781,
221a6ecae78b7e44,https://ec.linkedin.com/jobs/view/coordinador-de-logistica-de-abastecimiento-at-cbc-4432727192,COORDINADOR DE LOGISTICA DE ABASTECIMIENTO,cbc,posted,2026-07-07T12:23:23.579423,263
4666a2ff5b7d2fcb,https://ec.linkedin.com/jobs/view/ing-seguridad-industrial-ambiental-at-fullpacktex-cia-ltda-4435470662,Ing Seguridad Industrial Ambiental,,scraped,2026-07-07T12:23:26.496989,
f2072c707e32c68c,https://ec.linkedin.com/jobs/view/t%C3%A9cnico-de-calidad-at-cbc-4433985557,Técnico de Calidad,cbc,posted,2026-07-07T12:23:51.068837,265
41cd50340b401e80,https://ec.linkedin.com/jobs/view/l%C3%ADder-de-equipo-de-ventas-at-tripleten-4436438670,Líder de Equipo de Ventas,TripleTen,posted,2026-07-07T12:24:05.911505,267
08a97c8ea68d3bc6,https://ec.linkedin.com/jobs/view/asistente-administrativo-work-from-home-at-persona-4436075454,Asistente Administrativo (Work From Home),Persona,posted,2026-07-07T12:24:18.503764,269
be75186d40f3fe49,https://ec.linkedin.com/jobs/view/jefe-de-planta-at-go-corp-4432718563,JEFE DE PLANTA,,scraped,2026-07-07T12:24:21.078631,
ad444d2ba2dc5690,https://ec.linkedin.com/jobs/view/digitador-at-ninguna-4434624697,Digitador,Ninguna,posted,2026-07-07T12:24:45.459310,271
89ddb2d0d535e7d8,https://ec.linkedin.com/jobs/view/oficial-de-monitoreo-at-tecnasa-4432719545,Oficial de Monitoreo,,scraped,2026-07-07T12:24:48.081898,
43dea5eed55b465f,https://ec.linkedin.com/jobs/view/consutor-at-wayne-corporation-real-estate-4434529325,Consutor,Wayne Corporation Real Estate,posted,2026-07-07T12:25:05.926792,273
c88939b35ab70bcf,https://ec.linkedin.com/jobs/view/marketing-specialist-at-honor-4436122732,Marketing Specialist,HONOR,posted,2026-07-07T12:25:17.507422,275
b599144cd1712648,https://ec.linkedin.com/jobs/view/financial-analyst-at-molinos-champion-4433120920,Financial Analyst,,scraped,2026-07-07T12:25:20.311788,
52e6bfe7bb59a52e,https://ec.linkedin.com/jobs/view/marketing-specialist-at-cs-outsource-4436227889,Marketing Specialist,CS Outsource,posted,2026-07-07T12:25:31.310803,275
197424ad9fa6e27a,https://ec.linkedin.com/jobs/view/ar-ap-specialist-at-verndale-4415978151,AR & AP Specialist,Verndale,posted,2026-07-07T12:25:44.829555,277
dcfe83a00c08cae4,https://ec.linkedin.com/jobs/view/auxiliar-de-dosimetria-at-la-universal-4436900482,AUXILIAR DE DOSIMETRIA,,scraped,2026-07-07T12:25:49.431015,
491c36125a3c0c4a,https://ec.linkedin.com/jobs/view/brand-head-at-kellanova-4402815634,Brand Head,Kellanova,posted,2026-07-07T12:26:06.861936,279
c36aa96da27cac77,https://ec.linkedin.com/jobs/view/ai-architecture-leader-at-business-it-4437465324,AI Architecture Leader,Business IT,posted,2026-07-07T12:26:22.373238,281
2511cae5df05dca9,https://ec.linkedin.com/jobs/view/analista-de-taller-at-tesalia-cbc-4436421463,ANALISTA DE TALLER,Tesalia cbc,posted,2026-07-07T12:26:34.771877,283
24821320395945a5,https://ec.linkedin.com/jobs/view/data-engineer-at-perform-4406420003,Data Engineer,Perform,posted,2026-07-07T12:26:44.877941,285
92dada949c1c4226,https://ec.linkedin.com/jobs/view/marketing-manager-mobile-top-up-at-idt-corporation-4437481656,Marketing Manager - Mobile Top Up,IDT Corporation,posted,2026-07-07T12:26:58.507294,287
bcdfd6e66143fc8a,https://ec.linkedin.com/jobs/view/especialista-base-management-at-tigo-ecuador-4435820821,Especialista Base Management,Tigo Ecuador,posted,2026-07-07T12:27:11.084032,289
8a79acca33846da8,https://ec.linkedin.com/jobs/view/jefe-de-agencia-ambato-at-go-corp-4433716523,JEFE DE AGENCIA - AMBATO,,scraped,2026-07-07T12:27:13.642665,
2b263557fee6f1d5,https://ec.linkedin.com/jobs/view/graphic-designer-ecommerce-marketing-agency-at-hustler-marketing-4436185187,Graphic Designer - eCommerce Marketing Agency,,scraped,2026-07-07T12:27:21.246742,
c08c491aeae718f0,https://ec.linkedin.com/jobs/view/pasante-de-marketing-at-vepagas-4432735135,PASANTE DE MARKETING,,scraped,2026-07-07T12:27:29.942622,
a9c3690867766d0b,https://ec.linkedin.com/jobs/view/asistente-de-servicios-facturaci%C3%B3n-eventual-at-ecuaquimica-4433140958,Asistente de Servicios Facturación - Eventual,Ecuaquimica,posted,2026-07-07T12:28:29.549017,291
d36e08e4985086d3,https://ec.linkedin.com/jobs/view/quito-pasante-de-compras-at-grupo-lucky-ecuador-4434656210,Quito: Pasante de Compras,,scraped,2026-07-07T12:28:34.298675,
5f3b9634057defd1,https://ec.linkedin.com/jobs/view/pasante-comercial-disensa-tector-guayaquil-at-holcim-ecuador-4437445406,Pasante Comercial - Disensa (Tector) - Guayaquil,,scraped,2026-07-07T12:28:43.813619,
ecb810e392ed47dd,https://ec.linkedin.com/jobs/view/freelance-grabaci%C3%B3n-de-tareas-cotidianas-para-proyecto-de-ia-at-toloka-annotators-4437771267,Freelance: grabación de tareas cotidianas para proyecto de IA,Toloka Annotators,posted,2026-07-07T12:29:01.911648,293
aea1d94b02db7a7c,https://ec.linkedin.com/jobs/view/asistente-de-dise%C3%B1o-gr%C3%A1fico-y-marketing-at-objetiva-4436916401,Asistente de Diseño Gráfico  y marketing,,scraped,2026-07-07T12:29:04.659454,
efbc8f7861ab9051,https://ec.linkedin.com/jobs/view/ejecutivo-de-ventas-at-cbc-4433765032,EJECUTIVO DE VENTAS,cbc,posted,2026-07-07T12:29:24.553342,187
de77aa5cf4c65af9,https://ec.linkedin.com/jobs/view/asistente-virtual-work-from-home-at-persona-4436076409,Asistente Virtual (Work From Home),Persona,posted,2026-07-07T12:29:33.476312,295
96276fdf6ac825e6,https://ec.linkedin.com/jobs/view/ads-creative-strategist-e-commerce-marketing-agency-at-hustler-marketing-4436354062,Ads Creative Strategist - E-commerce Marketing Agency,,scraped,2026-07-07T12:29:36.263988,
9432a3cfa9fa0dac,https://ec.linkedin.com/jobs/view/disenador-grafico-medio-tiempo-at-indurama-4436785145,DISENADOR GRAFICO MEDIO TIEMPO,,scraped,2026-07-07T12:29:43.706936,
bbff38cab15a2ec7,https://ec.linkedin.com/jobs/view/research-scientist-remote-us-latam-at-anyone-ai-4437451706,Research Scientist (Remote/US/LATAM),Anyone AI,posted,2026-07-07T12:30:01.289650,297
c8bbac7f955990e9,https://ec.linkedin.com/jobs/view/pasante-de-marketing-at-jimco-4433126761,Pasante de Marketing,JIMCO,posted,2026-07-07T12:30:15.701525,299
48cf3c20239343f3,https://ec.linkedin.com/jobs/view/ejecutivo-a-operativo-de-asistencia-m%C3%A9dica-para-broker-at-talent-solutions-mr-4432750336,EJECUTIVO (A) OPERATIVO DE ASISTENCIA MÉDICA PARA BROKER,TALENT SOLUTIONS (MR),posted,2026-07-07T12:30:33.785350,301
a068de34c68e8744,https://ec.linkedin.com/jobs/view/survivor-care-consultant-ecuador-at-our-rescue-4433120463,Survivor Care Consultant - Ecuador,Our Rescue,posted,2026-07-07T12:30:43.964413,303
796126813d1fa58c,https://ec.linkedin.com/jobs/view/ejecutivo-de-ventas-at-tesalia-cbc-4436103720,Ejecutivo de ventas,Tesalia cbc,posted,2026-07-07T12:30:53.765004,187
1f50d3effac15bdc,https://ec.linkedin.com/jobs/view/t%C3%A9cnico-mec%C3%A1nico-at-grupo-vi-4433192968,Técnico Mecánico,Grupo VI,posted,2026-07-07T12:31:04.228545,305
b5a40b323cf41d20,https://ec.linkedin.com/jobs/view/auxiliar-administrativo-at-bureau-veritas-4435488349,AUXILIAR ADMINISTRATIVO,,scraped,2026-07-07T12:31:06.946926,
17f8f6d455b694f7,https://ec.linkedin.com/jobs/view/cook-at-ladgov-corporation-4436415085,Cook,Ladgov Corporation,posted,2026-07-07T12:31:24.402050,307
806730acf27b9b97,https://ec.linkedin.com/jobs/view/hvac-mechanical-designer-at-dma-engineering-4434307015,HVAC Mechanical Designer,DMA Engineering,posted,2026-07-07T12:31:39.132601,309
af9e0afeb4f1e797,https://ec.linkedin.com/jobs/view/pasante-de-asuntos-regulatorios-%E2%80%93-plaguicidas-at-meythaler-zambrano-4433723277,Pasante de Asuntos Regulatorios – Plaguicidas,,scraped,2026-07-07T12:31:41.692584,
14bbc291a45c23f4,https://ec.linkedin.com/jobs/view/pasante-backup-at-blanco-equipos-m%C3%A9dicos-4433964800,Pasante Backup,,scraped,2026-07-07T12:31:49.925897,
30c74d1e3c595435,https://ec.linkedin.com/jobs/view/operador-m%C3%A1quina-at-adhinflex-4436243255,Operador máquina,,scraped,2026-07-07T12:31:57.400775,
704c6de46dad46c3,https://ec.linkedin.com/jobs/view/operario-tratamiento-de-agua-quito-at-ecolab-4426716595,Operario tratamiento de agua - Quito,Ecolab,posted,2026-07-07T12:32:13.337809,311
8faf5ce29a232b9f,https://ec.linkedin.com/jobs/view/quality-assurance-engineer-qa-at-tipti-s-a-4434509060,Quality Assurance Engineer (QA),,scraped,2026-07-07T12:32:16.141779,
b5205ff821452667,https://ec.linkedin.com/jobs/view/asistente-de-mantenimiento-at-oro-verde-hotels-4433198755,Asistente de Mantenimiento,,scraped,2026-07-07T12:32:23.293389,
b7c14d3847d9b80c,https://ec.linkedin.com/jobs/view/sales-associate-at-medlife-4433990882,Sales Associate,,scraped,2026-07-07T12:32:34.100058,
63233bfd2fd29046,https://ec.linkedin.com/jobs/view/analista-de-calidad-at-nestl%C3%A9-4436793789,Analista de Calidad,Nestlé,posted,2026-07-07T12:32:58.776873,313
8dee0dd31c288122,https://ec.linkedin.com/jobs/view/electrical-technician-at-essity-4424819035,Electrical Technician,,scraped,2026-07-07T12:33:01.430302,
3dcf01373ed654be,https://ec.linkedin.com/jobs/view/promotor-santo-domingo-motos-at-hero-motos-ecuador-4436757310,Promotor Santo Domingo (motos),Hero Motos Ecuador,posted,2026-07-07T12:33:18.182006,315
3c2340ab3bc88f15,https://ec.linkedin.com/jobs/view/administrador-dependiente-de-farmacia-4436107868,ADMINISTRADOR/DEPENDIENTE DE FARMACIA,FARMACIAS,posted,2026-07-07T12:33:25.301489,317
3bdd427a61743df4,https://ec.linkedin.com/jobs/view/asistente-de-organol%C3%A9ptico-at-ecom-agroindustrial-corp-ltd-4435281606,Asistente de Organoléptico,,scraped,2026-07-07T12:33:27.837098,
afa619587289b1de,https://ec.linkedin.com/jobs/view/blockchain-distributed-systems-engineer-remote-work-at-bairesdev-4436238285,Blockchain & Distributed Systems Engineer - Remote Work,BairesDev,posted,2026-07-07T12:33:40.778094,319
d17235df3078efa5,https://ec.linkedin.com/jobs/view/representante-visitador-m%C3%A9dico-4435848101,Representante visitador médico,Laboratorios Chalver del Ecuador,posted,2026-07-07T12:34:01.210307,321
e4a12c6090b3db23,https://ec.linkedin.com/jobs/view/ayudante-de-cocina-norte-sur-y-valle-at-grupo-empresarial-villacis-gev-4433999620,"AYUDANTE DE COCINA (NORTE, SUR Y VALLE)",,scraped,2026-07-07T12:34:03.918107,
9475c2aa0e1fc395,https://ec.linkedin.com/jobs/view/jefe-de-abastecimiento-at-marcimex-4436765894,JEFE DE ABASTECIMIENTO,,scraped,2026-07-07T12:34:14.023577,
362f771a9a273d3f,https://ec.linkedin.com/jobs/view/chofer-de-equipo-pesado-duran-at-holcim-ecuador-4435854272,Chofer de Equipo Pesado - Duran,,scraped,2026-07-07T12:34:21.046500,
2288760fae45db27,https://ec.linkedin.com/jobs/view/analista-de-stock-y-activos-fijos-at-biomar-ecuador-4435305777,Analista de Stock y Activos Fijos,BioMar Ecuador,posted,2026-07-07T12:34:51.250554,323
b8c41eb4286a22b0,https://ec.linkedin.com/jobs/view/asesor-comercial-sistemas-fotovoltaicos-at-energycontrol-4436245935,Asesor Comercial Sistemas Fotovoltaicos,,scraped,2026-07-07T12:34:53.951618,
25e1d45a6d25edaf,https://ec.linkedin.com/jobs/view/analista-de-abastecimiento-at-duragas-abastible-4436357061,Analista de Abastecimiento,,scraped,2026-07-07T12:35:00.463919,
f4066fe22859960b,https://ec.linkedin.com/jobs/view/product-sales-manager-at-adistec-4427206859,Product Sales Manager,Adistec,posted,2026-07-07T12:35:18.682919,325
b53d528ee28c6bd9,https://ec.linkedin.com/jobs/view/asistente-contable-at-metalectri-cia-ltda-4437716979,Asistente contable,,scraped,2026-07-07T12:35:21.293794,
5f3fe65c1ca2db96,https://ec.linkedin.com/jobs/view/community-manager-at-pangea-tv-4434508098,Community Manager,,scraped,2026-07-07T12:35:33.197621,
d4d5349486cfd13a,https://ec.linkedin.com/jobs/view/courier-operations-agent-at-rappi-4431995258,Courier Operations Agent,Rappi,posted,2026-07-07T12:35:46.301148,327
77677e6bb8205d6e,https://ec.linkedin.com/jobs/view/data-analyst-sr-quito-at-sofka-technologies-4435225021,Data Analyst  SR | Quito,Sofka Technologies,posted,2026-07-07T12:35:57.314444,329
bcd7e473f4de720b,https://ec.linkedin.com/jobs/view/gestor-verificador-vinces-at-cresa-4433997679,Gestor Verificador - Vinces,,scraped,2026-07-07T12:36:00.233494,
42b0333cc4a0804f,https://ec.linkedin.com/jobs/view/sustainable-energy-experts-at-ntu-international-a-s-4437123338,Sustainable Energy Experts,,scraped,2026-07-07T12:36:08.996658,
938480845c2ac540,https://ec.linkedin.com/jobs/view/pasante-de-marketing-at-dentons-paz-horowitz-4436780255,Pasante de marketing,Dentons Paz Horowitz,posted,2026-07-07T12:36:23.716352,299
5094477a2733091b,https://ec.linkedin.com/jobs/view/record-your-daily-routine-get-paid-ai-training-remote-at-toloka-annotators-4437756097,Record Your Daily Routine & Get Paid - AI Training (Remote),Toloka Annotators,posted,2026-07-07T12:36:33.259544,331
6abeae0e66ae5911,https://ec.linkedin.com/jobs/view/coordinador-de-proyecto-at-bureau-veritas-4435050993,COORDINADOR DE PROYECTO,,scraped,2026-07-07T12:36:35.787401,
a0d8d46b6738894e,https://ec.linkedin.com/jobs/view/area-sales-manager-water-power-at-rotork-4434688139,Area Sales Manager - Water & Power,,scraped,2026-07-07T12:36:45.115423,
5bebc86cbd80b7dc,https://ec.linkedin.com/jobs/view/pasante-de-planometr%C3%ADas-guayaquil-at-holcim-ecuador-4435212421,Pasante de Planometrías- Guayaquil,,scraped,2026-07-07T12:36:51.816538,
9cb7fe584fda835d,https://ec.linkedin.com/jobs/view/supervisor-a-de-seguridad-industrial-y-ambiente-at-dp-world-4418967460,SUPERVISOR(A) DE SEGURIDAD INDUSTRIAL Y AMBIENTE,,scraped,2026-07-07T12:36:59.224588,
d9a4dafc9f4bcd20,https://ec.linkedin.com/jobs/view/founding-sales-partners-%E2%80%93-latam-at-medixli-4435315264,Founding Sales Partners – LATAM,Medixli,posted,2026-07-07T12:37:11.623426,333
58419f02aa20ecf3,https://ec.linkedin.com/jobs/view/data-entry-con-idioma-ingl%C3%A9s-at-vip-universal-medical-insurance-group-vumi-4433116855,DATA ENTRY CON IDIOMA INGLÉS,VIP Universal Medical Insurance Group (VUMI),posted,2026-07-07T12:37:22.063320,335
dd54e90e7af229dd,https://ec.linkedin.com/jobs/view/pasante-deals-at-pwc-4433145093,Pasante Deals,PwC,posted,2026-07-07T12:37:33.429756,337
d9f7d62379380551,https://ec.linkedin.com/jobs/view/super-usuario-log%C3%ADstico-at-tesalia-cbc-4436163552,SUPER USUARIO LOGÍSTICO,Tesalia cbc,posted,2026-07-07T12:37:47.461408,339
9d702b3589644adf,https://ec.linkedin.com/jobs/view/health-experts-at-ntu-international-a-s-4437193071,Health Experts,,scraped,2026-07-07T12:37:50.297310,
52f906005f96e1e7,https://ec.linkedin.com/jobs/view/business-analyst-senior-at-sofka-technologies-4435205651,Business Analyst Senior,Sofka Technologies,posted,2026-07-07T12:38:04.878102,341
78b3f3eeedc668f4,https://ec.linkedin.com/jobs/view/claims-processing-agent-freelance-ai-trainer-at-mindrift-4432389385,Claims Processing Agent - Freelance AI Trainer,Mindrift,posted,2026-07-07T12:38:13.885421,343
1ec9ba73614cead6,https://ec.linkedin.com/jobs/view/desarrollador-junior-node-js-trabajo-remoto-at-bairesdev-4436222921,Desarrollador Junior Node.js - Trabajo Remoto,BairesDev,posted,2026-07-07T12:38:23.185812,345
52bf7cfe6a4feaf1,https://ec.linkedin.com/jobs/view/gestor-verificador-chone-at-cresa-4433995771,Gestor Verificador - Chone,,scraped,2026-07-07T12:38:25.924534,
7f70c8c894250279,https://ec.linkedin.com/jobs/view/specialist-finance-controlling-dhl-aviation-at-dhl-express-4433871162,"Specialist, Finance Controlling - DHL Aviation",DHL Express,posted,2026-07-07T12:38:43.848684,347
871bd656ada0a22d,https://ec.linkedin.com/jobs/view/suscriptor-vida-colectiva-junior-at-empresa-confidencial-4437441268,Suscriptor Vida Colectiva Junior,Empresa Confidencial,posted,2026-07-07T12:38:57.545489,349
e6885a46ac2b7fbb,https://ec.linkedin.com/jobs/view/analista-de-gesti%C3%B3n-empresarial-trabajo-remoto-at-bairesdev-4436227340,Analista de Gestión Empresarial - Trabajo Remoto,BairesDev,posted,2026-07-07T12:39:06.710282,351
73d9a0ecd7b8ad7c,https://ec.linkedin.com/jobs/view/ingeniero-de-control-de-calidad-at-slb-4422221751,Ingeniero de Control de Calidad,SLB,posted,2026-07-07T12:39:21.812336,353
d365bac44086e308,https://ec.linkedin.com/jobs/view/customer-success-specialist-accounting-saas-part-time-at-scale-up-recruiting-partners-4435520885,Customer Success Specialist (Accounting SaaS) - Part Time,Scale Up Recruiting Partners,posted,2026-07-07T12:39:39.326235,355
a1cb72141f88eccf,https://ec.linkedin.com/jobs/view/ejecutivo-de-ventas-flotas-ventas-corporativas-quito-sector-automotriz-at-automotores-continental-4435480716,Ejecutivo de Ventas Flotas - Ventas Corporativas QUITO (SECTOR AUTOMOTRIZ),,scraped,2026-07-07T12:39:41.922393,
f7e2229b36c9db92,https://ec.linkedin.com/jobs/view/tecnico-mecanico-casabaca-santo-domingo-at-centric-ecuador-4433966805,TECNICO MECANICO CASABACA (SANTO DOMINGO),,scraped,2026-07-07T12:39:48.468880,
6bb57427dfdd73d8,https://ec.linkedin.com/jobs/view/ingeniero-de-datos-presencial-ecuador-at-sofka-technologies-4435016343,Ingeniero de Datos- Presencial Ecuador,Sofka Technologies,posted,2026-07-07T12:40:06.272246,357
d504c47886a1d4e3,https://ec.linkedin.com/jobs/view/conference-producer-at-opal-group-4435309533,Conference Producer,Opal Group,posted,2026-07-07T12:40:17.591516,359
7b6a8a5d2488f53f,https://ec.linkedin.com/jobs/view/engineering-team-lead-at-scale-up-recruiting-partners-4435528729,Engineering Team Lead,Scale Up Recruiting Partners,posted,2026-07-07T12:40:29.165252,361
53152e9b13d65377,https://ec.linkedin.com/jobs/view/process-control-and-improvement-superintendent-at-wavin-4437179462,Process Control and Improvement Superintendent,,scraped,2026-07-07T12:40:31.776771,
8a972f78fa8be25a,https://ec.linkedin.com/jobs/view/asesora-comercial-at-telearseg-4436759665,Asesora comercial,Telearseg,posted,2026-07-07T12:40:49.311181,363
2ee807845a4f60e8,https://ec.linkedin.com/jobs/view/oficial-de-ventas-at-people-bc-consulting-4437455897,OFICIAL DE VENTAS,People BC Consulting,posted,2026-07-07T12:40:59.537086,365
b66e1b9e3a124a05,https://ec.linkedin.com/jobs/view/especialista-en-microsoft-dynamics-customer-service-workspace-at-hiberus-4437768144,Especialista en Microsoft Dynamics Customer Service Workspace,,scraped,2026-07-07T12:41:16.305519,
90980deb7d29b859,https://ec.linkedin.com/jobs/view/agente-de-care-team-quito-at-tipti-s-a-4433104731,Agente de  Care team - Quito,,scraped,2026-07-07T12:41:26.154391,
b9944ff5683e9e92,https://ec.linkedin.com/jobs/view/analista-de-calidad-de-materiales-at-tesalia-cbc-4437737111,Analista de Calidad de Materiales,Tesalia cbc,posted,2026-07-07T12:41:42.287805,367
c0826faca0af5c6c,https://ec.linkedin.com/jobs/view/principal-data-engineer-remote-latin-america-at-fullstack-4436440039,Principal Data Engineer - Remote - Latin America,FullStack,posted,2026-07-07T12:41:52.076769,369
6769f89b3761a625,https://ec.linkedin.com/jobs/view/principal-data-engineer-remote-latin-america-at-fullstack-4436423726,Principal Data Engineer - Remote - Latin America,FullStack,posted,2026-07-07T12:41:56.986199,369
4d93cc6d64f3fc10,https://ec.linkedin.com/jobs/view/principal-data-engineer-remote-latin-america-at-fullstack-4436433374,Principal Data Engineer - Remote - Latin America,FullStack,posted,2026-07-07T12:42:01.937460,369
7d4c50f9bf87957b,https://ec.linkedin.com/jobs/view/ejecutivo-de-ventas-at-tesalia-cbc-4436957982,EJECUTIVO DE VENTAS,Tesalia cbc,posted,2026-07-07T12:42:09.897612,187
49f95b295f38c5c3,https://ec.linkedin.com/jobs/view/principal-data-engineer-remote-latin-america-at-fullstack-4436440040,Principal Data Engineer - Remote - Latin America,FullStack,posted,2026-07-07T12:42:14.748680,369
5020556909859adb,https://ec.linkedin.com/jobs/view/ejecutivo-de-ventas-at-cbc-4433758316,EJECUTIVO DE VENTAS,cbc,posted,2026-07-07T12:42:22.892761,187
5f53be690456733d,https://ec.linkedin.com/jobs/view/recepcionista-at-bater%C3%ADas-ecuador-4433960979,Recepcionista,,scraped,2026-07-07T12:42:25.585572,
942abb35d0b2edb7,https://ec.linkedin.com/jobs/view/customer-support-representative-remote-at-valatam-4437173885,Customer Support Representative (Remote),Valatam,posted,2026-07-07T12:42:39.739162,371
9316a303737fed64,https://ec.linkedin.com/jobs/view/ejecutivo-de-ventas-santo-domingo-temporal-at-cbc-4433120840,EJECUTIVO DE VENTAS SANTO DOMINGO (Temporal),cbc,posted,2026-07-07T12:42:47.640597,201
c6a7c34d677de183,https://ec.linkedin.com/jobs/view/tecnico-mecanico-automotriz-guayaquil-at-go-corp-4432734160,TECNICO MECANICO AUTOMOTRIZ - GUAYAQUIL,,scraped,2026-07-07T12:42:50.233983,
fdf1e0b1c16679e8,https://ec.linkedin.com/jobs/view/arquitecto-de-procesos-riesgo-de-mercado-remoto-at-keppri-4435032014,Arquitecto de Procesos - Riesgo de Mercado (Remoto),,scraped,2026-07-07T12:42:58.016137,
d4a3919f33ed61d9,https://ec.linkedin.com/jobs/view/asistente-operativo-con-discapacidad-guayaquil-at-bgr-banco-general-rumi%C3%B1ahui-4432796960,Asistente Operativo con Discapacidad - Guayaquil,,scraped,2026-07-07T12:43:05.282027,
e01469b8362a7f85,https://ec.linkedin.com/jobs/view/housekeeper-con-alojamiento-incluido-en-california-ee-uu-at-skipper-intelligence-llc-4436519295,"Housekeeper con alojamiento incluido en California, EE. UU.","Skipper Intelligence, LLC.",posted,2026-07-07T12:43:18.213674,373
f897fa898b61f8b8,https://ec.linkedin.com/jobs/view/bilingual-call-center-salesperson-english-spanish-remote-at-mangone-law-firm-llc-4437463940,Bilingual Call Center Salesperson (English-Spanish) Remote,"Mangone Law Firm, LLC",posted,2026-07-07T12:43:26.318930,375
69c81a3aceea9d9f,https://ec.linkedin.com/jobs/view/gerente-comercial-at-rhenus-logistics-4436408954,Gerente Comercial,,scraped,2026-07-07T12:43:29.139147,
8c64e980ba7fe143,https://ec.linkedin.com/jobs/view/asesor-inmobiliario-at-proincarsa-4436752984,Asesor Inmobiliario,PROINCARSA,posted,2026-07-07T12:43:43.693661,377
a8d38145d413fcc7,https://ec.linkedin.com/jobs/view/supervisor-de-ventas-ganader%C3%ADa-guayas-at-ecuaquimica-4433990886,Supervisor de Ventas Ganadería - Guayas,Ecuaquimica,posted,2026-07-07T12:44:35.197562,379
152ac3b34c288e8a,https://ec.linkedin.com/jobs/view/ejecutivo-comercial-at-saludsa-4433716453,Ejecutivo Comercial,,scraped,2026-07-07T12:44:37.854040,
a81b3c3f9085f07f,https://ec.linkedin.com/jobs/view/psiquiatra-uio-at-medexpert-servicios-medicos-4435364757,Psiquiatra UIO,,scraped,2026-07-07T12:44:47.810477,
3ff53b9d3bf04c54,https://ec.linkedin.com/jobs/view/ejecutivo-de-ventas-master-at-cbc-4433959842,EJECUTIVO DE VENTAS MASTER,cbc,posted,2026-07-07T12:45:08.667311,381
299a2a3623d2d79a,https://ec.linkedin.com/jobs/view/asesor-de-venta-directa-at-faiex-corp-4436124110,Asesor de venta directa,FAIEX CORP.,posted,2026-07-07T12:45:20.135572,383
b3cadf034e350ebe,https://ec.linkedin.com/jobs/view/pasant%C3%ADas-q2-julio-2026-at-sika-4431985008,Pasantías Q2 Julio 2026,,scraped,2026-07-07T12:45:22.799286,
12e576c2fb365975,https://ec.linkedin.com/jobs/view/practicante-de-marketing-digital-at-one-telecom-internet-4435189041,Practicante de Marketing Digital,,scraped,2026-07-07T12:45:29.233651,
44e3cd08fdf64959,https://ec.linkedin.com/jobs/view/associate-attorney-4434345567,Associate Attorney,"Geoffrey M. Wayne, P.A.",posted,2026-07-07T12:45:43.869648,385
8b94aa8d88d557e6,https://ec.linkedin.com/jobs/view/asesor-de-ventas-a-campo-at-grupo-emi-4437425346,Asesor de ventas a campo,Grupo Emi,posted,2026-07-07T12:46:00.092486,387
1818ce0a098f2fb0,https://ec.linkedin.com/jobs/view/global-governance-and-security-experts-at-ntu-international-a-s-4437198800,Global Governance and Security Experts,,scraped,2026-07-07T12:46:02.728359,
634df0200019dd50,https://ec.linkedin.com/jobs/view/ingeniero-en-marketing-at-corporaci%C3%B3n-cobos-cobos-4437192943,Ingeniero en marketing,,scraped,2026-07-07T12:46:10.350103,
b658fa5a7974845e,https://ec.linkedin.com/jobs/view/coordinador-de-servicio-t%C3%A9cnico-at-empresa-confidencial-4436901541,Coordinador de servicio técnico,Empresa Confidencial,posted,2026-07-07T12:46:26.210781,389
6bbbe0a69eff6e7b,https://ec.linkedin.com/jobs/view/sales-executive-at-tiba-4432729083,Sales Executive,,scraped,2026-07-07T12:46:28.848796,
01383958565bdf18,https://ec.linkedin.com/jobs/view/account-executive-smb-latam-at-deel-4432778938,"Account Executive, SMB | LATAM",Deel,posted,2026-07-07T12:46:44.506121,391
9b8bdabd1649d3fc,https://ec.linkedin.com/jobs/view/dise%C3%B1ador-a-o-animador-a-3d-at-illuminati-ad-4437717233,Diseñador/a o Animador/a 3D,,scraped,2026-07-07T12:46:47.297827,
74d62f54ead886f2,https://ec.linkedin.com/jobs/view/rdm-maintenance-referent-at-ferrero-4436382538,RDM (Maintenance Referent),,scraped,2026-07-07T12:47:01.117284,
b42248d1b1ce508a,https://ec.linkedin.com/jobs/view/jefe-t%C3%A9cnico-at-human-brand-headhunting-asesores-de-talento-humano-4433710620,JEFE TÉCNICO,,scraped,2026-07-07T12:47:12.880051,
22f873d04adc6736,https://ec.linkedin.com/jobs/view/asesor-a-comercial-digital-ventta-de-maquinaria-semi-industrial-at-skills-training-ec-4436445602,Asesor/a Comercial Digital Ventta de Maquinaria semi industrial,,scraped,2026-07-07T12:47:33.992943,
4e7819e25a52b398,https://ec.linkedin.com/jobs/view/ejecutivo-de-venta-guayquil-at-revel-group-s-a-s-4436464220,EJECUTIVO DE VENTA- GUAYQUIL,REVEL- GROUP S.A.S,posted,2026-07-07T12:47:49.342039,393
970125aeec85b4bc,https://ec.linkedin.com/jobs/view/asesor-a-comercial-de-servicios-automotrices-trabajo-desde-casa-at-tecnicentro-4436042671,Asesor/a Comercial de Servicios Automotrices (Trabajo desde casa),tecnicentro,posted,2026-07-07T12:48:01.583915,395
4da509228747fe5b,https://ec.linkedin.com/jobs/view/sales-force-effectiveness-intern-at-reckitt-4436465481,Sales Force Effectiveness Intern,,scraped,2026-07-07T12:48:04.443466,
a722352edf54b671,https://ec.linkedin.com/jobs/view/svn-ec011-2026-papc-project-associate-protection-caseworker-at-iom-un-migration-4437454578,SVN-EC011-2026-PAPC - Project Associate Protection Caseworker,IOM - UN Migration,posted,2026-07-07T12:48:22.096283,397
772d89bdb2106183,https://ec.linkedin.com/jobs/view/pasante-de-compras-at-dk-management-services-4433124824,Pasante de Compras,,scraped,2026-07-07T12:48:32.765243,
18be5ef53cea0dff,https://ec.linkedin.com/jobs/view/vendedor-experto-en-redes-sociales-at-garow-motors-4437446068,VENDEDOR EXPERTO EN REDES SOCIALES,GAROW MOTORS,posted,2026-07-07T12:49:00.683425,399
40c2f35a584ab139,https://ec.linkedin.com/jobs/view/pasante-contable-at-ainsa-s-a-4434506097,PASANTE CONTABLE,,scraped,2026-07-07T12:49:05.285633,
31b4232e88704223,https://ec.linkedin.com/jobs/view/agente-de-seguros-4436092602,Agente de seguros,Legacy Seguros e Inversiones,posted,2026-07-07T12:49:14.205882,225
285022785fc8a9fa,https://ec.linkedin.com/jobs/view/asesor-t%C3%A9cnico-comercial-at-seripacar-s-a-4436763655,Asesor técnico comercial,,scraped,2026-07-07T12:49:16.988066,
c5c8a0b16ce40902,https://ec.linkedin.com/jobs/view/senior-ai-data-engineer-aws-at-north-highland-4417127890,Senior AI & Data Engineer (AWS),North Highland,posted,2026-07-07T12:49:33.189031,401
bd4b31110986e514,https://ec.linkedin.com/jobs/view/coordinador-de-reservas-at-four-points-by-sheraton-cuenca-4437457131,Coordinador de reservas,,scraped,2026-07-07T12:49:42.001163,
82acc4efa5db534f,https://ec.linkedin.com/jobs/view/asesor-comercial-consumo-huaquillas-at-cooperativa-jep-4437414711,Asesor Comercial Consumo-Huaquillas,Cooperativa JEP,posted,2026-07-07T12:49:57.531925,403
3b83e68502e0970d,https://ec.linkedin.com/jobs/view/cloudops-engineer-remote-ecuador-at-connect-tech%2Btalent-4434114812,CloudOps Engineer - Remote (Ecuador),Connect Tech+Talent,posted,2026-07-07T12:50:10.081351,405
82497639152bca9f,https://ec.linkedin.com/jobs/view/data-modeler-erwin-mdm-remote-work-at-bairesdev-4436228581,Data Modeler (Erwin / MDM) - Remote Work,BairesDev,posted,2026-07-07T12:50:22.706417,407
fa86bba4bd02a786,https://ec.linkedin.com/jobs/view/market-clerk-at-brookshire-grocery-company-4436137638,Market Clerk,Brookshire Grocery Company,posted,2026-07-07T12:50:34.887357,409
33398c5b50b7302f,https://ec.linkedin.com/jobs/view/pasante-4437498816,Pasante,Servitechni,posted,2026-07-07T12:50:43.672207,411
15dfe951f91682fa,https://ec.linkedin.com/jobs/view/ejecutivo-de-ventas-at-cbc-4432705566,Ejecutivo de ventas,cbc,posted,2026-07-07T12:51:01.156360,187
974d582158c580a9,https://ec.linkedin.com/jobs/view/arquitecto-empresarial-ti-at-bgr-banco-general-rumi%C3%B1ahui-4433999618,Arquitecto Empresarial TI,,scraped,2026-07-07T12:51:03.872187,
d1cd5032b8eded45,https://ec.linkedin.com/jobs/view/asesor-comercial-de-seguros-quito-at-saludsa-4419200329,Asesor Comercial de Seguros Quito,,scraped,2026-07-07T12:51:10.423171,
07fcca87766ec7b1,https://ec.linkedin.com/jobs/view/asesor-comercial-de-seguros-quito-at-saludsa-4436901176,Asesor Comercial de Seguros QUITO,,scraped,2026-07-07T12:51:18.311313,
a3374827409e5830,https://ec.linkedin.com/jobs/view/coordinador-de-logistica-de-abastecimiento-at-tesalia-cbc-4436163553,COORDINADOR DE LOGISTICA DE ABASTECIMIENTO,Tesalia cbc,posted,2026-07-07T12:51:30.680669,263
e6ff93de09c8f316,https://ec.linkedin.com/jobs/view/customer-support-specialist-fully-remote-at-mercor-4416790209,Customer Support Specialist - Fully Remote,Mercor,posted,2026-07-07T12:51:39.189241,413
9c315d461548bbb6,https://ec.linkedin.com/jobs/view/pasante-comercial-quito-at-plusservices-s-a-4437710041,Pasante comercial quito,PlusServices S.A.,posted,2026-07-07T12:51:57.265624,415
3977e15c4f4689ba,https://ec.linkedin.com/jobs/view/pasante-de-marketing-guayaquil-at-%C3%B3ptica-los-andes-4433716524,Pasante de Marketing - GUAYAQUIL,Óptica Los Andes,posted,2026-07-07T12:52:45.684500,417
c48cfa0bf9ba5265,https://ec.linkedin.com/jobs/view/enfermera-o-ocupacional-at-graiman-4433998692,Enfermera/o Ocupacional,Graiman,posted,2026-07-07T12:52:59.285598,419
e3db74848398247f,https://ec.linkedin.com/jobs/view/asesor-telef%C3%B3nico-de-servicios-bancarios-medio-tiempo-at-american-call-center-4433714558,ASESOR TELEFÓNICO DE SERVICIOS BANCARIOS - MEDIO TIEMPO,,scraped,2026-07-07T12:53:02.049754,
6233f5739a766c1d,https://ec.linkedin.com/jobs/view/senior-rpa-developer-uipath-sector-bancario-at-devsu-4433991953,Senior RPA Developer (UiPath) - Sector Bancario,Devsu,posted,2026-07-07T12:53:23.786830,421
7b349b8bf7963398,https://ec.linkedin.com/jobs/view/microsoft-biztalk-azure-developer-architect-at-twoconnect-microsoft-azure-integration-biztalk-logic-apps-consulting-migration-support-4437734955,Microsoft BizTalk & Azure Developer/Architect,"TwoConnect: Microsoft Azure Integration, BizTalk, Logic Apps Consulting, Migration &amp; Support.",posted,2026-07-07T12:53:36.431252,423
235e792dee35721d,https://ec.linkedin.com/jobs/view/ingeniero-react-native-trabajo-remoto-ref%23296536-at-bairesdev-4435324996,Ingeniero React Native - Trabajo Remoto | REF#296536,BairesDev,posted,2026-07-07T12:53:44.926175,425
efd55ba3fa34f126,https://ec.linkedin.com/jobs/view/agentic-aws-devops-engineer-remote-latin-america-at-fullstack-4407590766,Agentic AWS DevOps Engineer - Remote - Latin America,FullStack,posted,2026-07-07T12:53:49.687611,91
e986397d951aca3c,https://ec.linkedin.com/jobs/view/aws-devops-engineer-linux-remote-latin-america-at-fullstack-4435335557,AWS DevOps Engineer (Linux) - Remote - Latin America,FullStack,posted,2026-07-07T12:53:54.942289,93
34819d9b1a6109ab,https://ec.linkedin.com/jobs/view/mid-level-cms-engineer-sanity-remote-latin-america-at-fullstack-4434631659,Mid-Level CMS Engineer (Sanity) - Remote - Latin America,FullStack,posted,2026-07-07T12:54:02.022449,85
557710aa05fa5b53,https://ec.linkedin.com/jobs/view/aws-devops-engineer-linux-remote-latin-america-at-fullstack-4435332697,AWS DevOps Engineer (Linux) - Remote - Latin America,FullStack,posted,2026-07-07T12:54:09.274420,93
8f14878d8133eac0,https://ec.linkedin.com/jobs/view/mid-level-cms-engineer-sanity-remote-latin-america-at-fullstack-4434633563,Mid-Level CMS Engineer (Sanity) - Remote - Latin America,FullStack,posted,2026-07-07T12:54:16.430485,85
